cell_id,cycle_number,capacity_ah,cap_endpoint_ah,mean_voltage_v,min_voltage_v,max_voltage_v,mean_abs_current_a,mean_temperature_c,duration_s,n_samples,dt_s,soh,is_synthetic
B0005,0,1.859774,1.856487,3.529829,2.612467,4.191492,1.818712,32.865786,3690.234000,197,15.565938,0.929887,False
B0005,1,1.847791,1.846327,3.537320,2.587209,4.189773,1.817644,32.968785,3672.344000,196,15.565938,0.923896,False
B0005,2,1.837982,1.835349,3.543737,2.651917,4.188187,1.816542,32.885532,3651.641000,195,15.565938,0.918991,False
B0005,3,1.841474,1.835263,3.543666,2.592948,4.188461,1.825618,32.735171,3631.563000,194,15.565938,0.920737,False
B0005,4,1.840524,1.834646,3.542343,2.547420,4.188299,1.826148,32.588396,3629.172000,194,15.565938,0.920262,False
B0005,5,1.835326,1.835662,3.541335,2.520948,4.188816,1.816900,32.653404,3652.281000,195,15.565938,0.917663,False
B0005,6,1.836796,1.835146,3.541025,2.487927,4.188392,1.816838,32.678744,3650.828000,195,15.565938,0.918398,False
B0005,7,1.827893,1.825757,3.554133,2.665205,4.188928,1.844408,32.584806,3572.453000,191,15.565938,0.913946,False
B0005,8,1.824077,1.824774,3.552936,2.603858,4.189029,1.854064,32.509956,3550.594000,190,15.565938,0.912038,False
B0005,9,1.823667,1.824613,3.551206,2.552854,4.189223,1.853659,32.431562,3551.250000,190,15.565938,0.911834,False
B0005,10,1.827401,1.824620,3.549292,2.472448,4.188916,1.863424,32.286463,3530.250000,189,15.565938,0.913700,False
B0005,11,1.815126,1.814202,3.559759,2.649564,4.189876,1.873003,32.511852,3491.016000,187,15.565938,0.907563,False
B0005,12,1.817693,1.813752,3.558082,2.572498,4.189287,1.882660,32.442517,3470.281000,186,15.565938,0.908847,False
B0005,13,1.814711,1.813440,3.555692,2.524989,4.188838,1.882598,32.292923,3470.000000,186,15.565938,0.907356,False
B0005,14,1.802620,1.802598,3.562747,2.694622,4.189110,1.881824,32.172237,3450.297000,185,15.565938,0.901310,False
B0005,15,1.798221,1.802107,3.561452,2.640101,4.189212,1.892260,32.052131,3429.407000,184,15.565938,0.899111,False
B0005,16,1.805265,1.802580,3.560342,2.573904,4.188900,1.902778,32.053778,3409.484000,183,15.565938,0.902632,False
B0005,17,1.800032,1.803068,3.559119,2.494240,4.188780,1.913347,32.077829,3390.422000,182,15.565938,0.900016,False
B0005,18,1.799915,1.802778,3.557887,2.455679,4.189273,1.913208,32.069798,3390.281000,182,15.565938,0.899958,False
B0005,19,1.808915,1.847026,3.552038,2.632143,4.187614,1.855455,32.593630,3591.734000,192,15.565938,0.904458,False
B0005,20,1.817960,1.847417,3.552567,2.502776,4.187629,1.874743,32.838065,3552.297000,190,15.565938,0.908980,False
B0005,21,1.836128,1.836177,3.556794,2.617508,4.187447,1.873879,32.473817,3531.578000,189,15.565938,0.918064,False
B0005,22,1.825027,1.825781,3.561410,2.694074,4.187344,1.883276,32.136441,3492.907000,187,15.565938,0.912513,False
B0005,23,1.825198,1.825114,3.556611,2.623767,4.187438,1.873332,32.041275,3511.594000,188,15.565938,0.912599,False
B0005,24,1.823554,1.825582,3.558674,2.501080,4.187741,1.913979,31.901775,3431.937000,184,15.565938,0.911777,False
B0005,25,1.816210,1.814031,3.564103,2.684999,4.188261,1.903105,31.819874,3431.125000,184,15.565938,0.908105,False
B0005,26,1.814625,1.814769,3.559588,2.547109,4.187339,1.913471,31.724022,3412.406000,183,15.565938,0.907312,False
B0005,27,1.808014,1.813969,3.556833,2.471315,4.187560,1.913621,31.676696,3410.688000,183,15.565938,0.904007,False
B0005,28,1.801357,1.802766,3.562441,2.661390,4.188052,1.902648,31.707384,3410.718000,183,15.565938,0.900678,False
B0005,29,1.801348,1.804077,3.559141,2.541762,4.187667,1.913082,31.707668,3392.719000,182,15.565938,0.900674,False
B0005,30,1.810354,1.851803,3.557316,2.628919,4.201070,1.920623,31.980881,3470.672000,371,9.360000,0.905177,False
B0005,31,1.819406,1.830704,3.561871,2.631255,4.199622,1.929895,32.149889,3414.109000,365,9.360000,0.909703,False
B0005,32,1.820887,1.819904,3.561759,2.654881,4.199853,1.929319,31.954656,3395.219000,363,9.360000,0.910443,False
B0005,33,1.813162,1.809308,3.559731,2.674969,4.199103,1.923358,31.549393,3386.000000,362,9.375000,0.906581,False
B0005,34,1.807972,1.804610,3.557594,2.615971,4.199999,1.928509,31.452644,3368.187000,360,9.375000,0.903986,False
B0005,35,1.802954,1.799377,3.559724,2.658447,4.199675,1.923152,31.988573,3368.266000,360,9.375000,0.901477,False
B0005,36,1.792254,1.788443,3.559062,2.697943,4.199185,1.917064,31.731389,3358.719000,359,9.375000,0.896127,False
B0005,37,1.784058,1.782923,3.557016,2.661727,4.200012,1.922067,31.552457,3339.500000,357,9.360000,0.892029,False
B0005,38,1.776534,1.773034,3.556248,2.699288,4.199237,1.916270,31.399532,3331.265000,356,9.375000,0.888267,False
B0005,39,1.774114,1.773038,3.553276,2.612793,4.199396,1.922123,31.617323,3321.188000,355,9.360000,0.887057,False
B0005,40,1.768716,1.767872,3.556266,2.663706,4.199579,1.916274,32.165811,3321.844000,355,9.360000,0.884358,False
B0005,41,1.766240,1.762315,3.556310,2.666845,4.199547,1.915926,32.357538,3311.828000,354,9.375000,0.883120,False
B0005,42,1.766480,1.767617,3.558951,2.684431,4.194091,1.911446,31.840377,3327.391000,179,15.565938,0.883240,False
B0005,43,1.766168,1.762668,3.553442,2.645224,4.200715,1.915845,31.781884,3312.078000,354,9.375000,0.883084,False
B0005,44,1.752726,1.751730,3.551012,2.660353,4.199098,1.915134,31.439046,3293.172000,352,9.360000,0.876363,False
B0005,45,1.745311,1.741850,3.551318,2.692685,4.199399,1.914857,31.343337,3275.328000,350,9.375000,0.872656,False
B0005,46,1.737141,1.736091,3.549003,2.670545,4.199123,1.914423,31.436352,3265.016000,349,9.360000,0.868571,False
B0005,47,1.745827,1.793624,3.559765,2.605158,4.190409,1.938903,34.289497,3328.937000,356,9.360000,0.872913,False
B0005,48,1.754556,1.783189,3.562345,2.672012,4.199934,1.927535,33.412977,3329.266000,356,9.360000,0.877278,False
B0005,49,1.768348,1.767364,3.558337,2.674271,4.199365,1.926730,32.634645,3301.579000,353,9.360000,0.884174,False
B0005,50,1.760639,1.757018,3.554013,2.630942,4.199024,1.926172,32.277405,3283.563000,351,9.375000,0.880320,False
B0005,51,1.750264,1.746871,3.552376,2.662973,4.199432,1.920294,32.018260,3275.125000,350,9.375000,0.875132,False
B0005,52,1.745098,1.741717,3.549619,2.612942,4.199641,1.920115,32.058289,3265.656000,349,9.375000,0.872549,False
B0005,53,1.737159,1.736423,3.549381,2.615720,4.199306,1.914441,32.455889,3266.093000,349,9.360000,0.868579,False
B0005,54,1.729466,1.726322,3.547212,2.628770,4.198950,1.908381,32.211001,3257.594000,348,9.375000,0.864733,False
B0005,55,1.716181,1.715807,3.546705,2.665511,4.198342,1.902222,32.047091,3248.593000,347,9.360000,0.858091,False
B0005,56,1.711097,1.710533,3.544630,2.650495,4.198996,1.902070,31.987250,3238.766000,346,9.360000,0.855549,False
B0005,57,1.708842,1.706014,3.543629,2.643236,4.199170,1.896533,32.199611,3240.140000,346,9.375000,0.854421,False
B0005,58,1.703429,1.700311,3.544495,2.656450,4.199247,1.895993,32.577351,3230.109000,345,9.375000,0.851715,False
B0005,59,1.695350,1.694580,3.540920,2.626178,4.199255,1.890033,32.401797,3229.781000,345,9.360000,0.847675,False
B0005,60,1.687657,1.684903,3.541196,2.658223,4.199611,1.889393,32.295451,3212.469000,343,9.375000,0.843828,False
B0005,61,1.677214,1.674474,3.540671,2.695100,4.199445,1.877705,32.086998,3213.219000,343,9.375000,0.838607,False
B0005,62,1.677212,1.674569,3.537605,2.639092,4.198992,1.883195,32.377779,3203.578000,342,9.375000,0.838606,False
B0005,63,1.666321,1.663716,3.538422,2.685721,4.197785,1.876445,32.206106,3195.125000,341,9.375000,0.833161,False
B0005,64,1.661456,1.659014,3.539286,2.690179,4.201331,1.870973,32.575116,3195.313000,341,9.375000,0.830728,False
B0005,65,1.656230,1.653854,3.533690,2.639895,4.199340,1.870569,32.461147,3186.297000,340,9.375000,0.828115,False
B0005,66,1.645584,1.642654,3.534368,2.689915,4.198916,1.864026,32.365350,3176.438000,339,9.375000,0.822792,False
B0005,67,1.640441,1.637858,3.531294,2.659358,4.198537,1.863704,32.367041,3167.593000,338,9.375000,0.820221,False
B0005,68,1.635309,1.632735,3.530913,2.665703,4.198944,1.857873,32.454962,3167.719000,338,9.375000,0.817655,False
B0005,69,1.629928,1.627753,3.528723,2.642987,4.199580,1.857254,32.490174,3159.078000,337,9.375000,0.814964,False
B0005,70,1.624765,1.622125,3.526255,2.631117,4.198782,1.856877,32.483962,3148.829000,336,9.375000,0.812383,False
B0005,71,1.611735,1.611326,3.528684,2.696157,4.199105,1.844942,32.482621,3149.094000,336,9.360000,0.805868,False
B0005,72,1.609091,1.606563,3.525557,2.666760,4.198511,1.844461,32.503183,3140.547000,335,9.375000,0.804545,False
B0005,73,1.603833,1.601514,3.522681,2.640319,4.198732,1.843931,32.501058,3131.625000,334,9.375000,0.801916,False
B0005,74,1.593162,1.590369,3.524673,2.698930,4.198800,1.837165,32.477887,3121.907000,333,9.375000,0.796581,False
B0005,75,1.588369,1.585789,3.521316,2.668247,4.198754,1.831643,32.464248,3122.125000,333,9.375000,0.794185,False
B0005,76,1.585424,1.584943,3.518034,2.647921,4.200310,1.831175,32.338918,3121.672000,333,9.360000,0.792712,False
B0005,77,1.598504,1.595526,3.523684,2.674163,4.201124,1.843326,32.853250,3120.860000,333,9.375000,0.799252,False
B0005,78,1.577278,1.574730,3.519147,2.689253,4.198150,1.829841,32.329828,3103.828000,331,9.375000,0.788639,False
B0005,79,1.567249,1.564902,3.516234,2.688809,4.198524,1.823708,32.090934,3095.094000,330,9.375000,0.783625,False
B0005,80,1.562105,1.559766,3.514773,2.674356,4.198841,1.817724,32.252546,3095.781000,330,9.375000,0.781053,False
B0005,81,1.562304,1.559482,3.513299,2.643029,4.198120,1.817961,32.723882,3094.328000,330,9.375000,0.781152,False
B0005,82,1.556988,1.554689,3.514485,2.658486,4.198320,1.817283,32.973602,3086.531000,329,9.375000,0.778494,False
B0005,83,1.551660,1.548874,3.510968,2.629782,4.198047,1.811060,32.887898,3085.625000,329,9.375000,0.775830,False
B0005,84,1.540920,1.538237,3.510936,2.662297,4.199047,1.809524,32.678356,3067.203000,327,9.375000,0.770460,False
B0005,85,1.530396,1.527914,3.509393,2.682381,4.197670,1.802679,32.417347,3058.157000,326,9.375000,0.765198,False
B0005,86,1.530840,1.528525,3.506678,2.640189,4.197601,1.803207,32.735126,3058.812000,326,9.375000,0.765420,False
B0005,87,1.525253,1.522647,3.510989,2.693769,4.197986,1.796621,33.054825,3058.578000,326,9.375000,0.762627,False
B0005,88,1.520069,1.517486,3.510305,2.695787,4.198164,1.796033,33.105375,3049.328000,325,9.375000,0.760034,False
B0005,89,1.527669,1.605819,3.522222,2.692055,4.219452,1.822945,32.838557,3177.219000,339,9.375000,0.763834,False
B0005,90,1.535307,1.563849,3.516349,2.629071,4.200423,1.829471,33.349761,3082.937000,329,9.375000,0.767654,False
B0005,91,1.542984,1.548092,3.513440,2.631344,4.198372,1.816354,33.365357,3074.266000,328,9.375000,0.771492,False
B0005,92,1.535713,1.532376,3.515138,2.698397,4.198353,1.803408,33.194968,3066.000000,327,9.375000,0.767856,False
B0005,93,1.530444,1.526953,3.508304,2.633849,4.197874,1.802740,33.040112,3056.437000,326,9.375000,0.765222,False
B0005,94,1.519973,1.516957,3.509191,2.671566,4.197956,1.795909,32.981784,3048.219000,325,9.375000,0.759986,False
B0005,95,1.514892,1.511898,3.506810,2.654081,4.197918,1.795435,33.048320,3039.218000,324,9.375000,0.757446,False
B0005,96,1.509791,1.506564,3.506091,2.656850,4.197739,1.789387,33.098292,3039.047000,324,9.375000,0.754896,False
B0005,97,1.504346,1.501545,3.503716,2.636305,4.197855,1.788452,33.149893,3030.375000,323,9.375000,0.752173,False
B0005,98,1.493941,1.490844,3.506748,2.699517,4.197307,1.781604,33.155521,3021.000000,322,9.375000,0.746970,False
B0005,99,1.488673,1.485868,3.505881,2.698216,4.197528,1.775319,33.212651,3021.750000,322,9.375000,0.744336,False
B0005,100,1.483214,1.480414,3.504168,2.691171,4.197437,1.774316,33.225253,3012.265000,321,9.375000,0.741607,False
B0005,101,1.478270,1.475210,3.503057,2.690162,4.197717,1.773932,33.243358,3002.641000,320,9.375000,0.739135,False
B0005,102,1.488795,1.485904,3.498232,2.635503,4.192455,1.780991,33.278948,3012.000000,321,9.375000,0.744397,False
B0005,103,1.499270,1.496092,3.506586,2.659475,4.202845,1.787964,33.864942,3020.110000,322,9.375000,0.749635,False
B0005,104,1.483575,1.480801,3.501457,2.644555,4.197953,1.780299,33.747472,3002.172000,320,9.375000,0.741787,False
B0005,105,1.472975,1.469754,3.501658,2.671960,4.198018,1.773117,33.640911,2992.703000,319,9.375000,0.736488,False
B0005,106,1.457137,1.453901,3.496619,2.659821,4.192163,1.770705,33.426700,2964.468000,316,9.375000,0.728569,False
B0005,107,1.457581,1.454146,3.499165,2.688360,4.196993,1.760101,33.481199,2983.375000,318,9.375000,0.728791,False
B0005,108,1.457567,1.455024,3.496081,2.637673,4.197604,1.765636,33.755931,2975.297000,317,9.375000,0.728783,False
B0005,109,1.451977,1.449042,3.495901,2.645121,4.196407,1.758866,33.904583,2974.985000,317,9.375000,0.725988,False
B0005,110,1.441512,1.438671,3.497587,2.698012,4.197099,1.751716,33.681486,2966.250000,316,9.375000,0.720756,False
B0005,111,1.436634,1.433445,3.495699,2.692894,4.196909,1.751330,33.545803,2956.359000,315,9.375000,0.718317,False
B0005,112,1.436534,1.433396,3.492875,2.648392,4.197105,1.751215,33.828514,2956.344000,315,9.375000,0.718267,False
B0005,113,1.431172,1.428065,3.495511,2.683213,4.196245,1.744671,34.079773,2956.406000,315,9.375000,0.715586,False
B0005,114,1.425804,1.422920,3.494233,2.684960,4.196803,1.743670,33.964277,2947.266000,314,9.375000,0.712902,False
B0005,115,1.420382,1.417429,3.491197,2.669922,4.196227,1.742587,33.793778,2937.984000,313,9.375000,0.710191,False
B0005,116,1.415401,1.412409,3.488909,2.664106,4.196558,1.742041,33.642361,2929.125000,312,9.375000,0.707700,False
B0005,117,1.415516,1.412579,3.487376,2.634099,4.196871,1.742181,33.884256,2928.454000,312,9.375000,0.707758,False
B0005,118,1.410416,1.407598,3.491994,2.683787,4.196796,1.735899,34.256557,2929.375000,312,9.375000,0.705208,False
B0005,119,1.417468,1.433392,3.491586,2.660032,4.189287,1.756842,33.976503,2946.031000,314,9.375000,0.708734,False
B0005,120,1.424556,1.438255,3.495576,2.650012,4.201145,1.757342,34.195019,2955.438000,315,9.375000,0.712278,False
B0005,121,1.420583,1.417355,3.493899,2.693697,4.196926,1.742834,33.930794,2937.625000,313,9.375000,0.710292,False
B0005,122,1.409970,1.406982,3.491592,2.697073,4.196901,1.735350,33.673776,2929.078000,312,9.375000,0.704985,False
B0005,123,1.404754,1.401204,3.488573,2.680700,4.196689,1.734492,33.591905,2918.375000,311,9.375000,0.702377,False
B0005,124,1.399636,1.396701,3.486902,2.669540,4.196339,1.728173,33.618411,2919.812000,311,9.375000,0.699818,False
B0005,125,1.394311,1.391285,3.485549,2.671695,4.196181,1.732738,33.582988,2900.422000,309,9.375000,0.697155,False
B0005,126,1.388988,1.386229,3.483891,2.661289,4.195771,1.726126,33.579850,2901.375000,309,9.375000,0.694494,False
B0005,127,1.383733,1.380437,3.483199,2.667818,4.195456,1.719592,33.510192,2901.187000,309,9.375000,0.691866,False
B0005,128,1.378514,1.375236,3.483627,2.684008,4.196544,1.718673,33.468749,2891.640000,308,9.375000,0.689257,False
B0005,129,1.373309,1.370513,3.480172,2.658526,4.194357,1.717761,33.506007,2882.906000,307,9.375000,0.686655,False
B0005,130,1.373285,1.370509,3.478452,2.637225,4.195864,1.717733,33.551791,2883.265000,307,9.375000,0.686642,False
B0005,131,1.367930,1.364736,3.478578,2.651426,4.195585,1.711035,33.514105,2882.969000,307,9.375000,0.683965,False
B0005,132,1.378387,1.375392,3.482520,2.676385,4.188484,1.718521,33.983899,2891.656000,308,9.375000,0.689194,False
B0005,133,1.388987,1.386112,3.488682,2.694914,4.200347,1.726126,34.125978,2901.250000,309,9.375000,0.694494,False
B0005,134,1.371039,1.369850,3.485850,2.697334,4.198175,1.712089,34.015932,2891.703000,308,9.360000,0.685520,False
B0005,135,1.367956,1.364783,3.478794,2.642540,4.195715,1.711064,33.850297,2883.016000,307,9.375000,0.683978,False
B0005,136,1.357495,1.354322,3.481283,2.699226,4.195756,1.703538,33.630221,2873.453000,306,9.375000,0.678748,False
B0005,137,1.357546,1.354642,3.480352,2.676480,4.195912,1.703607,33.990962,2874.031000,306,9.375000,0.678773,False
B0005,138,1.357528,1.354704,3.478113,2.642142,4.195824,1.703569,34.173438,2874.234000,306,9.375000,0.678764,False
B0005,139,1.352217,1.349315,3.476587,2.644725,4.196258,1.702465,33.949521,2864.984000,305,9.375000,0.676108,False
B0005,140,1.347030,1.344189,3.473377,2.632271,4.196613,1.701521,33.713118,2855.093000,304,9.375000,0.673515,False
B0005,141,1.341949,1.338991,3.472637,2.639101,4.195851,1.695097,33.618375,2855.625000,304,9.375000,0.670974,False
B0005,142,1.341981,1.338915,3.473439,2.637842,4.196002,1.695138,33.927802,2855.594000,304,9.375000,0.670991,False
B0005,143,1.336546,1.334007,3.475478,2.668286,4.196208,1.693843,33.945584,2847.437000,303,9.375000,0.668273,False
B0005,144,1.331199,1.328644,3.472288,2.649020,4.195535,1.687069,33.753813,2847.360000,303,9.375000,0.665600,False
B0005,145,1.326101,1.323171,3.471374,2.664059,4.195744,1.686177,33.529328,2837.328000,302,9.375000,0.663051,False
B0005,146,1.320958,1.318169,3.472616,2.688361,4.195868,1.679631,33.515815,2837.281000,302,9.375000,0.660479,False
B0005,147,1.321176,1.318466,3.473815,2.686975,4.195348,1.679913,33.861105,2838.515000,302,9.375000,0.660588,False
B0005,148,1.321019,1.318293,3.470143,2.650754,4.196066,1.685292,33.805013,2828.328000,301,9.375000,0.660509,False
B0005,149,1.326308,1.323872,3.467524,2.664632,4.184535,1.686439,33.447017,2838.265000,302,9.375000,0.663154,False
B0005,150,1.332939,1.360122,3.476753,2.640021,4.201240,1.715902,33.750264,2864.547000,305,9.375000,0.666470,False
B0005,151,1.342048,1.339531,3.475896,2.674199,4.195704,1.700822,33.810900,2846.390000,303,9.375000,0.671024,False
B0005,152,1.331439,1.329029,3.475812,2.696427,4.195745,1.692960,33.687247,2837.969000,302,9.375000,0.665720,False
B0005,153,1.326151,1.323674,3.474655,2.692834,4.196363,1.686237,33.648669,2838.156000,302,9.375000,0.663075,False
B0005,154,1.320894,1.318634,3.472302,2.681748,4.195793,1.685131,33.618375,2829.843000,301,9.375000,0.660447,False
B0005,155,1.315738,1.313475,3.472931,2.696791,4.195797,1.678559,33.625916,2829.625000,301,9.375000,0.657869,False
B0005,156,1.315657,1.313202,3.469619,2.664696,4.196349,1.684047,33.617430,2819.437000,300,9.375000,0.657828,False
B0005,157,1.310499,1.307796,3.470018,2.679192,4.195609,1.677450,33.602627,2819.579000,300,9.375000,0.655249,False
B0005,158,1.305373,1.303033,3.470763,2.699983,4.195340,1.676477,33.604267,2810.672000,299,9.375000,0.652686,False
B0005,159,1.305281,1.303357,3.468111,2.666301,4.195402,1.676356,33.661824,2811.485000,299,9.375000,0.652641,False
B0005,160,1.305219,1.303410,3.464863,2.630850,4.195685,1.681904,33.705362,2802.422000,298,9.375000,0.652609,False
B0005,161,1.299983,1.297887,3.467864,2.673348,4.195561,1.675154,33.762942,2801.625000,298,9.375000,0.649992,False
B0005,162,1.300166,1.298074,3.464021,2.632764,4.196067,1.675387,33.702151,2802.031000,298,9.375000,0.650083,False
B0005,163,1.295127,1.293464,3.466462,2.668737,4.196641,1.674518,33.700238,2793.390000,297,9.375000,0.647564,False
B0005,164,1.289708,1.288003,3.468509,2.696396,4.195624,1.667515,33.771666,2793.390000,297,9.375000,0.644854,False
B0005,165,1.289742,1.287453,3.466806,2.679483,4.195862,1.667546,33.825836,2792.485000,297,9.375000,0.644871,False
B0005,166,1.296190,1.309015,3.471071,2.678714,4.184827,1.688937,34.019634,2802.016000,298,9.375000,0.648095,False
B0005,167,1.302671,1.325079,3.475472,2.655378,4.201969,1.698047,34.194534,2820.390000,300,9.375000,0.651336,False
B0005,168,1.294944,1.294944,3.455533,2.680010,4.196902,1.635980,34.390101,2875.753840,2875,1.000000,0.647472,True
B0005,169,1.301418,1.411903,3.475416,2.610855,4.191145,1.696582,34.169054,3003.932989,3003,1.000000,0.650709,True
B0005,170,1.307926,1.576332,3.514952,2.681397,4.199698,1.820493,33.388699,3117.460436,3117,1.000000,0.653963,True
B0005,171,1.314465,1.853518,3.561879,2.636833,4.194648,1.917167,31.777392,3494.715262,3494,1.000000,0.657233,True
B0005,172,1.321038,1.650654,3.530647,2.618204,4.197006,1.828629,32.819362,3235.895104,3235,1.000000,0.660519,True
B0005,173,1.327643,1.399923,3.495771,2.654035,4.201458,1.780683,33.449630,2833.738430,2833,1.000000,0.663821,True
B0005,174,1.334281,1.896970,3.592756,2.577176,4.188592,1.977681,32.016061,3647.054340,3647,1.000000,0.667140,True
B0005,175,1.340952,1.491265,3.503495,2.656264,4.193332,1.759486,33.564824,3032.293851,3032,1.000000,0.670476,True
B0005,176,1.347657,1.715047,3.536947,2.624758,4.194706,1.850471,32.389476,3343.225509,3343,1.000000,0.673829,True
B0005,177,1.354395,1.673714,3.531364,2.646865,4.191728,1.821869,32.298753,3295.177687,3295,1.000000,0.677198,True
B0005,178,1.361167,1.688353,3.527797,2.596017,4.189961,1.814445,32.200006,3333.605732,3333,1.000000,0.680584,True
B0005,179,1.367973,1.636979,3.530628,2.658739,4.194584,1.841444,32.481124,3188.107590,3188,1.000000,0.683987,True
B0005,180,1.374813,1.524614,3.507529,2.668612,4.192479,1.769177,33.657071,3093.758215,3093,1.000000,0.687407,True
B0005,181,1.381687,1.687385,3.527083,2.672361,4.195749,1.829577,32.511223,3309.332193,3309,1.000000,0.690844,True
B0005,182,1.388596,1.515646,3.506386,2.660362,4.205978,1.811342,33.185837,3015.498869,3015,1.000000,0.694298,True
B0005,183,1.395539,1.672994,3.538735,2.654840,4.198235,1.849594,33.830441,3257.642329,3257,1.000000,0.697769,True
B0005,184,1.402516,1.709868,3.544644,2.644409,4.196789,1.894230,31.889513,3244.616542,3244,1.000000,0.701258,True
B0005,185,1.409529,1.511880,3.505121,2.716262,4.200452,1.764233,33.249856,3085.777376,3085,1.000000,0.704764,True
B0005,186,1.416576,1.728626,3.542419,2.594127,4.191680,1.869979,32.519174,3326.459105,3326,1.000000,0.708288,True
B0005,187,1.423659,1.896970,3.604724,2.671899,4.195121,1.977681,30.819879,3764.038680,3764,1.000000,0.711830,True
B0005,188,1.386782,1.386782,3.471920,2.679971,4.191911,1.652620,34.139373,3030.142744,3030,1.000000,0.693391,True
B0005,189,1.393716,1.629263,3.519620,2.673762,4.188804,1.787714,32.905098,3270.790833,3270,1.000000,0.696858,True
B0005,190,1.400685,1.428501,3.480161,2.600326,4.190859,1.713671,33.198811,2990.249535,2990,1.000000,0.700342,True
B0005,191,1.282781,1.282781,3.462664,2.653851,4.192232,1.676854,34.270270,2779.980449,2779,1.000000,0.641390,True
B0005,192,1.289195,1.555897,3.522758,2.691172,4.202061,1.836805,32.491842,3027.217369,3027,1.000000,0.644597,True
B0006,0,2.030291,2.035338,3.556946,2.475768,4.179823,1.990538,32.352429,3690.234000,197,15.565938,1.015145,False
B0006,1,2.018067,2.025140,3.561476,2.351526,4.177288,1.990278,32.472462,3672.344000,196,15.565938,1.009034,False
B0006,2,2.008226,2.013326,3.566752,2.440480,4.178121,1.989947,32.416350,3651.641000,195,15.565938,1.004113,False
B0006,3,2.001668,2.013285,3.568795,2.479156,4.178562,1.989603,32.340559,3631.563000,194,15.565938,1.000834,False
B0006,4,2.000005,2.000528,3.563971,2.280188,4.178250,1.989548,32.223880,3629.172000,194,15.565938,1.000002,False
B0006,5,2.005092,2.013899,3.573551,2.439284,4.193217,1.990104,32.221415,3652.281000,195,15.565938,1.002546,False
B0006,6,2.006737,2.013101,3.571139,2.281207,4.193733,1.990089,32.278195,3650.828000,195,15.565938,1.003369,False
B0006,7,1.966098,1.968790,3.568151,2.366411,4.176827,1.989117,32.272493,3572.453000,191,15.565938,0.983049,False
B0006,8,1.951839,1.968166,3.569283,2.436020,4.176369,1.989212,32.203271,3550.594000,190,15.565938,0.975920,False
B0006,9,1.951804,1.957231,3.563389,2.186438,4.176898,1.989193,32.150875,3551.250000,190,15.565938,0.975902,False
B0006,10,1.945471,1.945599,3.566659,2.340602,4.177580,1.989132,32.033090,3530.250000,189,15.565938,0.972735,False
B0006,11,1.922119,1.934751,3.568704,2.426302,4.177996,1.988781,32.297972,3491.016000,187,15.565938,0.961060,False
B0006,12,1.914895,1.923280,3.569207,2.475370,4.176316,1.988732,32.267373,3470.281000,186,15.565938,0.957448,False
B0006,13,1.911799,1.911890,3.565927,2.342365,4.177992,1.988720,32.132227,3470.000000,186,15.565938,0.955899,False
B0006,14,1.899883,1.901067,3.561242,2.188400,4.177440,1.988787,32.028730,3450.297000,185,15.565938,0.949942,False
B0006,15,1.884583,1.889199,3.557882,2.120698,4.175616,1.988591,31.919144,3429.407000,184,15.565938,0.942292,False
B0006,16,1.881384,1.878278,3.562824,2.369981,4.177603,1.988500,31.947992,3409.484000,183,15.565938,0.940692,False
B0006,17,1.865410,1.867570,3.559195,2.247992,4.176355,1.988351,31.976421,3390.422000,182,15.565938,0.932705,False
B0006,18,1.860351,1.867589,3.558091,2.411532,4.177450,1.977455,32.017837,3390.281000,182,15.565938,0.930175,False
B0006,19,1.869652,1.979627,3.565899,2.203356,4.174584,1.989245,31.700738,3591.734000,192,15.565938,0.934826,False
B0006,20,1.879001,1.957550,3.570814,2.358878,4.175224,1.989047,32.024961,3552.297000,190,15.565938,0.939500,False
B0006,21,1.888396,1.945815,3.566682,2.218673,4.177217,1.988683,31.682278,3531.578000,189,15.565938,0.944198,False
B0006,22,1.897838,1.924246,3.566839,2.339723,4.176682,1.988550,31.371297,3492.907000,187,15.565938,0.948919,False
B0006,23,1.907327,1.945981,3.571052,2.399751,4.190384,1.988564,31.265866,3511.594000,188,15.565938,0.953663,False
B0006,24,1.888933,1.901408,3.566631,2.491411,4.176973,1.988056,31.198256,3431.937000,184,15.565938,0.944466,False
B0006,25,1.887019,1.878674,3.552739,2.138730,4.173452,1.977297,31.137982,3431.125000,184,15.565938,0.943510,False
B0006,26,1.875037,1.868306,3.556096,2.346064,4.176459,1.977169,31.059792,3412.406000,183,15.565938,0.937518,False
B0006,27,1.857529,1.856024,3.550450,2.327338,4.176261,1.966041,31.055706,3410.688000,183,15.565938,0.928765,False
B0006,28,1.841080,1.845200,3.546007,2.486312,4.172856,1.944615,31.126254,3410.718000,183,15.565938,0.920540,False
B0006,29,1.850286,1.857229,3.554258,2.292166,4.188188,1.976935,31.101274,3392.719000,182,15.565938,0.925143,False
B0006,30,1.859537,1.924776,3.555857,2.434301,4.189992,1.999755,31.225673,3470.672000,371,9.360000,0.929769,False
B0006,31,1.868835,1.882232,3.553731,2.472620,4.186982,1.988436,31.442412,3414.109000,365,9.360000,0.934417,False
B0006,32,1.866009,1.855277,3.545265,2.403422,4.186483,1.977131,31.177949,3395.219000,363,9.360000,0.933005,False
B0006,33,1.853087,1.839251,3.538409,2.400668,4.187722,1.965712,30.911433,3386.000000,362,9.375000,0.926543,False
B0006,34,1.832115,1.818540,3.529769,2.319430,4.184171,1.954260,30.791693,3368.187000,360,9.375000,0.916057,False
B0006,35,1.827244,1.813477,3.530068,2.340173,4.186780,1.949065,31.437260,3368.266000,360,9.375000,0.913622,False
B0006,36,1.811225,1.797102,3.524888,2.382960,4.186483,1.937360,31.085780,3358.719000,359,9.375000,0.905613,False
B0006,37,1.792594,1.781005,3.519093,2.351856,4.184742,1.931266,31.039203,3339.500000,357,9.360000,0.896297,False
B0006,38,1.785008,1.771013,3.515181,2.353510,4.186114,1.925417,30.851938,3331.265000,356,9.375000,0.892504,False
B0006,39,1.772010,1.760471,3.514029,2.394806,4.186378,1.919851,31.152218,3321.188000,355,9.360000,0.886005,False
B0006,40,1.761758,1.750291,3.514140,2.441886,4.185743,1.908741,31.756634,3321.844000,355,9.360000,0.880879,False
B0006,41,1.754109,1.739493,3.509578,2.391849,4.184995,1.902768,31.942717,3311.828000,354,9.375000,0.877055,False
B0006,42,1.764522,1.754677,3.511071,2.316615,4.175623,1.909331,31.507361,3327.391000,179,15.565938,0.882261,False
B0006,43,1.779805,1.765939,3.515918,2.411099,4.191705,1.930646,31.448204,3312.078000,354,9.375000,0.889903,False
B0006,44,1.745384,1.733789,3.505853,2.451013,4.185468,1.907119,31.175655,3293.172000,352,9.360000,0.872692,False
B0006,45,1.727532,1.713326,3.501038,2.471216,4.184202,1.895358,31.234439,3275.328000,350,9.375000,0.863766,False
B0006,46,1.714339,1.702408,3.497408,2.470969,4.185839,1.889290,31.207996,3265.016000,349,9.360000,0.857169,False
B0006,47,1.722911,1.823719,3.538887,2.428802,4.172917,1.981944,33.666097,3328.937000,356,9.360000,0.861455,False
B0006,48,1.731525,1.808128,3.532743,2.355143,4.186982,1.965335,32.836479,3329.266000,356,9.360000,0.865763,False
B0006,49,1.740183,1.775761,3.521215,2.365934,4.186538,1.947075,32.239566,3301.579000,353,9.360000,0.870091,False
B0006,50,1.748884,1.744741,3.509311,2.348196,4.182282,1.924172,31.977947,3283.563000,351,9.375000,0.874442,False
B0006,51,1.743146,1.729207,3.507161,2.469459,4.185962,1.912487,31.705311,3275.125000,350,9.375000,0.871573,False
B0006,52,1.722302,1.708109,3.500929,2.466672,4.183657,1.895030,31.850005,3265.656000,349,9.375000,0.861151,False
B0006,53,1.709268,1.697595,3.497302,2.448293,4.184390,1.883708,32.263499,3266.093000,349,9.360000,0.854634,False
B0006,54,1.696209,1.682063,3.492904,2.474522,4.184733,1.871686,32.058093,3257.594000,348,9.375000,0.848104,False
B0006,55,1.683036,1.671477,3.488659,2.469128,4.185836,1.865491,32.018653,3248.593000,347,9.360000,0.841518,False
B0006,56,1.672614,1.660759,3.482293,2.417717,4.185703,1.859300,32.002490,3238.766000,346,9.360000,0.836307,False
B0006,57,1.665260,1.651121,3.477576,2.377513,4.184887,1.848156,32.236147,3240.140000,346,9.375000,0.832630,False
B0006,58,1.654537,1.640135,3.478744,2.443724,4.184567,1.841579,32.617449,3230.109000,345,9.375000,0.827268,False
B0006,59,1.641317,1.629200,3.474015,2.432428,4.184591,1.829791,32.518782,3229.781000,345,9.360000,0.820659,False
B0006,60,1.623083,1.608850,3.471839,2.494086,4.181227,1.817104,32.476197,3212.469000,343,9.375000,0.811542,False
B0006,61,1.617801,1.603524,3.463180,2.382347,4.182602,1.811192,32.354794,3213.219000,343,9.375000,0.808901,False
B0006,62,1.613188,1.598971,3.463469,2.406668,4.183991,1.811311,32.666032,3203.578000,342,9.375000,0.806594,False
B0006,63,1.601817,1.587627,3.460218,2.420414,4.182425,1.803806,32.248899,3195.125000,341,9.375000,0.800908,False
B0006,64,1.596875,1.582972,3.462575,2.450785,4.190985,1.798250,32.579648,3195.313000,341,9.375000,0.798438,False
B0006,65,1.581168,1.567138,3.453708,2.393033,4.181860,1.785801,32.495110,3186.297000,340,9.375000,0.790584,False
B0006,66,1.575881,1.561345,3.451404,2.393900,4.183449,1.785081,32.411759,3176.438000,339,9.375000,0.787941,False
B0006,67,1.565521,1.551171,3.450781,2.437329,4.182944,1.778592,32.483169,3167.593000,338,9.375000,0.782760,False
B0006,68,1.560443,1.540674,3.446106,2.370533,4.182593,1.772817,32.607819,3167.719000,338,9.375000,0.780222,False
B0006,69,1.544763,1.525314,3.441815,2.351295,4.177556,1.760209,32.682152,3159.078000,337,9.375000,0.772381,False
B0006,70,1.544648,1.530157,3.445008,2.436846,4.183200,1.765315,32.675530,3148.829000,336,9.375000,0.772324,False
B0006,71,1.536991,1.524657,3.441165,2.390305,4.183586,1.759387,32.718165,3149.094000,336,9.360000,0.768495,False
B0006,72,1.529023,1.514549,3.443621,2.489216,4.183170,1.752679,32.787386,3140.547000,335,9.375000,0.764511,False
B0006,73,1.523624,1.509392,3.439943,2.450611,4.183502,1.751714,32.819999,3131.625000,334,9.375000,0.761812,False
B0006,74,1.518487,1.503997,3.436027,2.411195,4.183243,1.751054,32.781198,3121.907000,333,9.375000,0.759243,False
B0006,75,1.507943,1.493520,3.436309,2.460914,4.182038,1.738898,32.784354,3122.125000,333,9.375000,0.753971,False
B0006,76,1.505305,1.487632,3.430470,2.378420,4.182440,1.738637,32.898004,3121.672000,333,9.360000,0.752653,False
B0006,77,1.512832,1.530288,3.441731,2.384470,4.189963,1.787082,33.284803,3120.860000,333,9.375000,0.756416,False
B0006,78,1.518192,1.504076,3.435543,2.448640,4.181214,1.761294,32.896962,3103.828000,331,9.375000,0.759096,False
B0006,79,1.507833,1.488759,3.427234,2.362870,4.182158,1.754573,32.703370,3095.094000,330,9.375000,0.753916,False
B0006,80,1.492274,1.478278,3.430754,2.479713,4.180249,1.736471,32.942070,3095.781000,330,9.375000,0.746137,False
B0006,81,1.492874,1.478460,3.430880,2.460990,4.182776,1.737170,33.421701,3094.328000,330,9.375000,0.746437,False
B0006,82,1.487207,1.473215,3.431985,2.479451,4.182971,1.735834,33.722171,3086.531000,329,9.375000,0.743603,False
B0006,83,1.481997,1.467516,3.426914,2.421514,4.182588,1.729752,33.651395,3085.625000,329,9.375000,0.740999,False
B0006,84,1.471412,1.451629,3.422042,2.392799,4.180388,1.727907,33.471521,3067.203000,327,9.375000,0.735706,False
B0006,85,1.466072,1.451924,3.420269,2.410475,4.182476,1.726921,33.232684,3058.157000,326,9.375000,0.733036,False
B0006,86,1.461223,1.447148,3.424821,2.491533,4.182568,1.721203,33.565979,3058.812000,326,9.375000,0.730611,False
B0006,87,1.461177,1.446854,3.423499,2.444862,4.182606,1.721155,33.870335,3058.578000,326,9.375000,0.730588,False
B0006,88,1.455774,1.441674,3.424742,2.484076,4.183048,1.720057,33.924315,3049.328000,325,9.375000,0.727887,False
B0006,89,1.463053,1.593587,3.450702,2.479017,4.219452,1.821050,33.240232,3177.219000,339,9.375000,0.731526,False
B0006,90,1.470368,1.546390,3.448048,2.482067,4.190937,1.821447,33.420791,3082.937000,329,9.375000,0.735184,False
B0006,91,1.477720,1.514706,3.439948,2.452449,4.183029,1.789953,33.544936,3074.266000,328,9.375000,0.738860,False
B0006,92,1.485109,1.498979,3.434113,2.419849,4.183894,1.776938,33.427880,3066.000000,327,9.375000,0.742554,False
B0006,93,1.497567,1.483111,3.432560,2.470682,4.183984,1.764011,33.328031,3056.437000,326,9.375000,0.748783,False
B0006,94,1.487195,1.472966,3.427061,2.413760,4.183640,1.757186,33.317961,3048.219000,325,9.375000,0.743597,False
B0006,95,1.476798,1.462760,3.427340,2.456250,4.183387,1.750286,33.426169,3039.218000,324,9.375000,0.738399,False
B0006,96,1.471470,1.451836,3.423482,2.401795,4.183563,1.743974,33.519409,3039.047000,324,9.375000,0.735735,False
B0006,97,1.460950,1.446867,3.422096,2.408769,4.181712,1.736867,33.569325,3030.375000,323,9.375000,0.730475,False
B0006,98,1.455720,1.441380,3.421884,2.430812,4.183247,1.736023,33.614747,3021.000000,322,9.375000,0.727860,False
B0006,99,1.450435,1.431211,3.419578,2.398886,4.183050,1.729721,33.704853,3021.750000,322,9.375000,0.725218,False
B0006,100,1.445163,1.426025,3.417528,2.381438,4.183092,1.728801,33.719417,3012.265000,321,9.375000,0.722581,False
B0006,101,1.434738,1.420488,3.419786,2.459885,4.181537,1.721696,33.750064,3002.641000,320,9.375000,0.717369,False
B0006,102,1.440175,1.420701,3.417137,2.400729,4.172034,1.722835,34.093453,3012.000000,321,9.375000,0.720088,False
B0006,103,1.447376,1.452256,3.430535,2.472831,4.188428,1.748787,34.350330,3020.110000,322,9.375000,0.723688,False
B0006,104,1.445422,1.431558,3.425084,2.467319,4.181499,1.734518,34.309911,3002.172000,320,9.375000,0.722711,False
B0006,105,1.434819,1.415016,3.417134,2.369246,4.179546,1.727181,34.235349,2992.703000,319,9.375000,0.717409,False
B0006,106,1.424132,1.409731,3.417521,2.448262,4.181016,1.730597,34.034927,2964.468000,316,9.375000,0.712066,False
B0006,107,1.419521,1.404917,3.418162,2.459863,4.182668,1.714156,34.157909,2983.375000,318,9.375000,0.709761,False
B0006,108,1.408973,1.395164,3.420332,2.497870,4.179948,1.706786,34.452612,2975.297000,317,9.375000,0.704487,False
B0006,109,1.408631,1.394534,3.419292,2.472237,4.182316,1.706364,34.614608,2974.985000,317,9.375000,0.704316,False
B0006,110,1.403331,1.389317,3.414352,2.427875,4.183006,1.705315,34.422631,2966.250000,316,9.375000,0.701665,False
B0006,111,1.398317,1.383838,3.412701,2.427591,4.182505,1.704635,34.296889,2956.359000,315,9.375000,0.699158,False
B0006,112,1.393355,1.373681,3.410410,2.373379,4.179533,1.698576,34.572837,2956.344000,315,9.375000,0.696677,False
B0006,113,1.393084,1.378606,3.414419,2.424860,4.182505,1.698244,34.831434,2956.406000,315,9.375000,0.696542,False
B0006,114,1.387742,1.373760,3.413171,2.426963,4.182823,1.697124,34.709431,2947.266000,314,9.375000,0.693871,False
B0006,115,1.382386,1.368258,3.410702,2.417288,4.182414,1.695971,34.534030,2937.984000,313,9.375000,0.691193,False
B0006,116,1.377455,1.363302,3.408906,2.418509,4.182451,1.695339,34.404391,2929.125000,312,9.375000,0.688728,False
B0006,117,1.372355,1.358097,3.413408,2.480937,4.181306,1.689064,34.663965,2928.454000,312,9.375000,0.686178,False
B0006,118,1.372512,1.353269,3.411221,2.407821,4.180487,1.689255,35.019478,2929.375000,312,9.375000,0.686256,False
B0006,119,1.379375,1.384161,3.415521,2.433235,4.165542,1.710219,34.672665,2946.031000,314,9.375000,0.689687,False
B0006,120,1.386271,1.405147,3.422984,2.440823,4.190013,1.730261,34.775908,2955.438000,315,9.375000,0.693136,False
B0006,121,1.398118,1.378719,3.414757,2.396078,4.182418,1.715272,34.575515,2937.625000,313,9.375000,0.699059,False
B0006,122,1.382343,1.368266,3.414359,2.449307,4.182071,1.701355,34.361922,2929.078000,312,9.375000,0.691171,False
B0006,123,1.377184,1.357315,3.409189,2.384185,4.182702,1.700456,34.316980,2918.375000,311,9.375000,0.688592,False
B0006,124,1.366575,1.352493,3.411930,2.444076,4.182270,1.687361,34.369116,2919.812000,311,9.375000,0.683287,False
B0006,125,1.361497,1.347410,3.409442,2.429601,4.182395,1.691961,34.348283,2900.422000,309,9.375000,0.680749,False
B0006,126,1.356147,1.337008,3.408190,2.410223,4.182062,1.685312,34.354972,2901.375000,309,9.375000,0.678073,False
B0006,127,1.350904,1.331235,3.407379,2.409893,4.182289,1.678802,34.297049,2901.187000,309,9.375000,0.675452,False
B0006,128,1.340451,1.325930,3.408586,2.453938,4.179662,1.671223,34.226201,2891.640000,308,9.375000,0.670225,False
B0006,129,1.340665,1.321579,3.404844,2.394040,4.181393,1.676927,34.298796,2882.906000,307,9.375000,0.670333,False
B0006,130,1.335259,1.321225,3.408106,2.451347,4.182100,1.670167,34.299908,2883.265000,307,9.375000,0.667630,False
B0006,131,1.329955,1.315649,3.409173,2.475015,4.182054,1.663530,34.218056,2882.969000,307,9.375000,0.664978,False
B0006,132,1.335167,1.320903,3.411082,2.456918,4.168816,1.664634,34.502216,2891.656000,308,9.375000,0.667583,False
B0006,133,1.341842,1.347433,3.416749,2.438241,4.190149,1.691848,34.339473,2901.250000,309,9.375000,0.670921,False
B0006,134,1.338310,1.326013,3.416969,2.494640,4.187197,1.671226,34.167787,2891.703000,308,9.360000,0.669155,False
B0006,135,1.329779,1.310119,3.410576,2.436746,4.182323,1.663315,34.006367,2883.016000,307,9.375000,0.664890,False
B0006,136,1.319555,1.305216,3.411334,2.485869,4.182282,1.655924,33.761230,2873.453000,306,9.375000,0.659778,False
B0006,137,1.319713,1.300406,3.408128,2.395755,4.181394,1.656121,34.151748,2874.031000,306,9.375000,0.659857,False
B0006,138,1.314325,1.300236,3.412573,2.450468,4.182109,1.649356,34.305750,2874.234000,306,9.375000,0.657162,False
B0006,139,1.309055,1.289507,3.407694,2.394203,4.181211,1.648125,34.087114,2864.984000,305,9.375000,0.654527,False
B0006,140,1.298542,1.279253,3.407350,2.430384,4.180184,1.640274,33.800572,2855.093000,304,9.375000,0.649271,False
B0006,141,1.293516,1.279208,3.409292,2.475563,4.181642,1.633927,33.655430,2855.625000,304,9.375000,0.646758,False
B0006,142,1.293622,1.274037,3.409549,2.446712,4.181850,1.634052,33.978416,2855.594000,304,9.375000,0.646811,False
B0006,143,1.288176,1.274127,3.410319,2.460711,4.181709,1.632549,33.987504,2847.437000,303,9.375000,0.644088,False
B0006,144,1.277703,1.263764,3.409269,2.461979,4.178726,1.619278,33.729135,2847.360000,303,9.375000,0.638851,False
B0006,145,1.272382,1.258137,3.409437,2.499908,4.181149,1.617870,33.476992,2837.328000,302,9.375000,0.636191,False
B0006,146,1.272580,1.253260,3.403885,2.406157,4.181247,1.618131,33.491389,2837.281000,302,9.375000,0.636290,False
B0006,147,1.272618,1.253231,3.406593,2.409214,4.182125,1.618170,33.811399,2838.515000,302,9.375000,0.636309,False
B0006,148,1.262313,1.248087,3.409593,2.470540,4.179545,1.610399,33.711468,2828.328000,301,9.375000,0.631157,False
B0006,149,1.267484,1.253435,3.409410,2.499684,4.165542,1.611649,33.614991,2838.265000,302,9.375000,0.633742,False
B0006,150,1.273822,1.289805,3.419549,2.483970,4.189239,1.642047,34.350892,2864.547000,305,9.375000,0.636911,False
B0006,151,1.277860,1.263540,3.415180,2.467540,4.180843,1.619485,34.328801,2846.390000,303,9.375000,0.638930,False
B0006,152,1.262205,1.247976,3.415459,2.494644,4.181238,1.604933,34.131493,2837.969000,302,9.375000,0.631102,False
B0006,153,1.251772,1.232120,3.413034,2.457738,4.179828,1.591662,34.057017,2838.156000,302,9.375000,0.625886,False
B0006,154,1.246415,1.227114,3.409452,2.409865,4.180793,1.590121,34.057563,2829.843000,301,9.375000,0.623208,False
B0006,155,1.235963,1.221740,3.413850,2.479418,4.181365,1.576784,33.969736,2829.625000,301,9.375000,0.617982,False
B0006,156,1.230688,1.211103,3.410901,2.434585,4.180595,1.575288,33.987079,2819.437000,300,9.375000,0.615344,False
B0006,157,1.225382,1.205616,3.410574,2.425683,4.181424,1.568496,33.935940,2819.579000,300,9.375000,0.612691,False
B0006,158,1.220278,1.200894,3.409651,2.417924,4.181922,1.567193,33.971443,2810.672000,299,9.375000,0.610139,False
B0006,159,1.209889,1.190590,3.412858,2.454158,4.179594,1.563651,33.961245,2811.485000,299,9.375000,0.604945,False
B0006,160,1.204577,1.185179,3.413451,2.463616,4.180558,1.563651,33.984807,2802.422000,298,9.375000,0.602288,False
B0006,161,1.199198,1.179671,3.414388,2.470375,4.181414,1.563651,34.005216,2801.625000,298,9.375000,0.599599,False
B0006,162,1.194099,1.174595,3.412419,2.435763,4.180815,1.563651,33.950439,2802.031000,298,9.375000,0.597050,False
B0006,163,1.173333,1.153818,3.414810,2.481190,4.169704,1.563651,33.816939,2793.390000,297,9.375000,0.586667,False
B0006,164,1.178611,1.164401,3.416618,2.491537,4.180284,1.563651,33.959739,2793.390000,297,9.375000,0.589306,False
B0006,165,1.178554,1.158797,3.412134,2.409041,4.181170,1.563651,34.027375,2792.485000,297,9.375000,0.589277,False
B0006,166,1.184447,1.174975,3.419700,2.475768,4.165542,1.563651,34.039325,2802.016000,298,9.375000,0.592223,False
B0006,167,1.190369,1.185675,3.423469,2.416044,4.188512,1.563651,34.146819,2820.390000,300,9.375000,0.595185,False
B0006,168,1.196321,2.070897,3.544165,2.375488,4.182423,2.039750,31.630992,3608.341147,3608,1.000000,0.598160,True
B0006,169,1.202303,1.735646,3.512275,2.407249,4.183329,1.870549,32.719439,3316.576509,3316,1.000000,0.601151,True
B0006,170,1.208314,1.250000,3.387191,2.495539,4.174602,1.565742,33.650984,2736.635300,2736,1.000000,0.604157,True
B0006,171,1.214356,1.836197,3.517492,2.408463,4.176567,1.943184,31.118711,3410.462860,3410,1.000000,0.607178,True
B0006,172,1.220427,1.565330,3.474244,2.465803,4.175839,1.783982,33.455663,3140.802601,3140,1.000000,0.610214,True
B0006,173,1.226530,1.625199,3.520978,2.401737,4.170894,1.807472,31.794535,3221.898370,3221,1.000000,0.613265,True
B0006,174,1.232662,1.266781,3.382387,2.477025,4.185634,1.618894,34.863087,2857.519301,2857,1.000000,0.616331,True
B0006,175,1.238825,1.604497,3.466370,2.351825,4.188803,1.805277,32.952923,3192.701916,3192,1.000000,0.619413,True
B0006,176,1.245020,1.503291,3.430385,2.371623,4.177924,1.738589,33.221207,3093.364890,3093,1.000000,0.622510,True
B0006,177,1.251245,1.473396,3.463556,2.460303,4.189045,1.754472,33.719611,3021.040466,3021,1.000000,0.625622,True
B0006,178,1.257501,1.547691,3.442423,2.410016,4.181292,1.789323,33.195978,3117.498488,3117,1.000000,0.628750,True
B0006,179,1.263788,1.511984,3.479763,2.416970,4.184107,1.728019,32.759494,3130.267822,3130,1.000000,0.631894,True
B0006,180,1.270107,1.828916,3.543404,2.391222,4.176975,1.925926,32.036796,3428.003996,3428,1.000000,0.635054,True
B0006,181,1.276458,1.546043,3.460388,2.452083,4.181403,1.777827,33.173550,3115.252566,3115,1.000000,0.638229,True
B0006,182,1.282840,1.609039,3.471367,2.412381,4.166412,1.806208,33.965214,3226.783441,3226,1.000000,0.641420,True
B0006,183,1.289254,1.531796,3.452689,2.326178,4.176407,1.752696,32.717287,3129.170306,3129,1.000000,0.644627,True
B0006,184,1.295701,1.482485,3.437680,2.382029,4.182527,1.746767,33.496498,3043.236751,3043,1.000000,0.647850,True
B0006,185,1.302179,1.382139,3.416259,2.401767,4.173082,1.688237,33.948897,2966.733127,2966,1.000000,0.651090,True
B0006,186,1.303507,1.303507,3.406321,2.396143,4.181054,1.644957,33.624525,2861.925494,2861,1.000000,0.651753,True
B0006,187,1.310024,1.610485,3.480323,2.404702,4.178466,1.822047,32.971554,3161.803866,3161,1.000000,0.655012,True
B0006,188,1.316574,1.547733,3.451111,2.482147,4.185867,1.791243,32.847109,3109.968756,3109,1.000000,0.658287,True
B0006,189,1.323157,1.408005,3.407763,2.452261,4.190117,1.709153,33.188038,2986.393137,2986,1.000000,0.661579,True
B0006,190,1.329773,1.464557,3.460488,2.434757,4.171074,1.765845,32.336883,2961.248872,2961,1.000000,0.664886,True
B0006,191,1.336422,1.498084,3.455028,2.549906,4.179304,1.760498,32.485986,3044.153688,3044,1.000000,0.668211,True
B0006,192,1.343104,1.502404,3.448685,2.342252,4.177299,1.751345,33.198003,3090.880510,3090,1.000000,0.671552,True
B0007,0,1.911351,1.891052,3.522007,2.145976,4.199497,1.869128,32.747709,3690.234000,197,15.565938,0.955675,False
B0007,1,1.899066,1.880637,3.531949,2.111017,4.198510,1.868091,32.865281,3672.344000,196,15.565938,0.949533,False
B0007,2,1.899940,1.880663,3.534403,2.025109,4.198280,1.877785,32.799000,3651.641000,195,15.565938,0.949970,False
B0007,3,1.903919,1.880771,3.534925,2.000000,4.198267,1.887526,32.660435,3631.563000,194,15.565938,0.951959,False
B0007,4,1.902028,1.879451,3.534537,2.000000,4.198464,1.887162,32.564295,3629.172000,194,15.565938,0.951014,False
B0007,5,1.886471,1.880700,3.541163,2.175687,4.197968,1.867515,32.628950,3652.281000,195,15.565938,0.943235,False
B0007,6,1.887850,1.879935,3.541166,2.111789,4.198023,1.867336,32.688780,3650.828000,195,15.565938,0.943925,False
B0007,7,1.889237,1.881509,3.549458,2.026251,4.199373,1.906315,32.576545,3572.453000,191,15.565938,0.944618,False
B0007,8,1.885445,1.869691,3.550281,2.000000,4.199212,1.916435,32.506171,3550.594000,190,15.565938,0.942722,False
B0007,9,1.885523,1.870052,3.548135,2.000000,4.198958,1.916539,32.420799,3551.250000,190,15.565938,0.942761,False
B0007,10,1.889521,1.870044,3.548427,2.000000,4.198832,1.926771,32.298012,3530.250000,189,15.565938,0.944760,False
B0007,11,1.877105,1.859652,3.556043,2.000000,4.198945,1.936979,32.523695,3491.016000,187,15.565938,0.938553,False
B0007,12,1.879887,1.859075,3.560485,2.000000,4.199051,1.947089,32.439897,3470.281000,186,15.565938,0.939943,False
B0007,13,1.876759,1.859008,3.556287,2.000000,4.198108,1.946962,32.292824,3470.000000,186,15.565938,0.938380,False
B0007,14,1.864897,1.859362,3.564775,2.136134,4.199256,1.946851,32.172252,3450.297000,185,15.565938,0.932449,False
B0007,15,1.860127,1.858736,3.565439,2.013350,4.199087,1.957413,32.046023,3429.407000,184,15.565938,0.930064,False
B0007,16,1.861999,1.847817,3.565962,2.000000,4.199010,1.968014,32.042226,3409.484000,183,15.565938,0.931000,False
B0007,17,1.846382,1.848525,3.572497,2.165756,4.198517,1.968055,32.041363,3390.422000,182,15.565938,0.923191,False
B0007,18,1.846353,1.848379,3.569949,2.027069,4.198246,1.968022,32.048771,3390.281000,182,15.565938,0.923177,False
B0007,19,1.855585,1.880781,3.546434,2.000000,4.196262,1.906666,32.456546,3591.734000,192,15.565938,0.927793,False
B0007,20,1.864863,1.881472,3.553197,2.000000,4.196959,1.926720,32.707342,3552.297000,190,15.565938,0.932431,False
B0007,21,1.874187,1.881095,3.559934,2.105852,4.197072,1.926106,32.318621,3531.578000,189,15.565938,0.937094,False
B0007,22,1.886622,1.871009,3.559560,2.000000,4.196903,1.946841,31.932950,3492.907000,187,15.565938,0.943311,False
B0007,23,1.886666,1.870200,3.552385,2.000000,4.196642,1.936420,31.831033,3511.594000,188,15.565938,0.943333,False
B0007,24,1.869501,1.870672,3.570767,2.050649,4.197130,1.967598,31.692109,3431.937000,184,15.565938,0.934751,False
B0007,25,1.873003,1.859612,3.565722,2.000000,4.196525,1.968013,31.600453,3431.125000,184,15.565938,0.936501,False
B0007,26,1.860775,1.860034,3.571284,2.134879,4.196790,1.967563,31.484407,3412.406000,183,15.565938,0.930387,False
B0007,27,1.853889,1.859165,3.567972,2.000000,4.196693,1.967619,31.441440,3410.688000,183,15.565938,0.926944,False
B0007,28,1.857927,1.848140,3.564631,2.000000,4.197079,1.967821,31.470334,3410.718000,183,15.565938,0.928963,False
B0007,29,1.847445,1.849202,3.568984,2.048366,4.196062,1.967506,31.479762,3392.719000,182,15.565938,0.923722,False
B0007,30,1.856682,1.883468,3.564621,2.181561,4.206531,1.968345,31.661087,3470.672000,371,9.360000,0.928341,False
B0007,31,1.865966,1.862821,3.569439,2.117780,4.203188,1.978821,31.854692,3414.109000,365,9.360000,0.932983,False
B0007,32,1.864806,1.852085,3.568742,2.163745,4.202997,1.978591,31.649619,3395.219000,363,9.360000,0.932403,False
B0007,33,1.862494,1.846950,3.564242,2.045656,4.202750,1.978434,31.249780,3386.000000,362,9.375000,0.931247,False
B0007,34,1.851931,1.836828,3.565304,2.135620,4.202665,1.978161,31.133473,3368.187000,360,9.375000,0.925965,False
B0007,35,1.852140,1.837162,3.565432,2.042987,4.202439,1.978386,31.730994,3368.266000,360,9.375000,0.926070,False
B0007,36,1.846713,1.831672,3.562230,2.000000,4.202795,1.978081,31.433162,3358.719000,359,9.375000,0.923356,False
B0007,37,1.833484,1.821147,3.564481,2.158454,4.203135,1.978099,31.226504,3339.500000,357,9.360000,0.916742,False
B0007,38,1.831159,1.816506,3.561615,2.092604,4.202837,1.977978,31.067179,3331.265000,356,9.375000,0.915579,False
B0007,39,1.823504,1.811382,3.563059,2.152889,4.202746,1.978437,31.285339,3321.188000,355,9.360000,0.911752,False
B0007,40,1.823375,1.811606,3.562953,2.053742,4.203199,1.978290,31.833978,3321.844000,355,9.360000,0.911687,False
B0007,41,1.821063,1.806055,3.563446,2.079330,4.202902,1.978205,32.054675,3311.828000,354,9.375000,0.910531,False
B0007,42,1.812793,1.813204,3.563998,2.075979,4.196154,1.967107,31.531653,3327.391000,179,15.565938,0.906396,False
B0007,43,1.820992,1.806264,3.560490,2.067435,4.204477,1.978121,31.341195,3312.078000,354,9.375000,0.910496,False
B0007,44,1.807716,1.795831,3.556700,2.037264,4.202117,1.978036,31.023277,3293.172000,352,9.360000,0.903858,False
B0007,45,1.800217,1.785885,3.558413,2.163267,4.202901,1.977939,30.981739,3275.328000,350,9.375000,0.900108,False
B0007,46,1.792260,1.780327,3.556137,2.106632,4.201791,1.978017,31.023163,3265.016000,349,9.360000,0.896130,False
B0007,47,1.801221,1.815076,3.569000,2.180927,4.191916,1.977914,33.814977,3328.937000,356,9.360000,0.900611,False
B0007,48,1.810227,1.815703,3.571059,2.177350,4.203422,1.978162,33.042321,3329.266000,356,9.360000,0.905114,False
B0007,49,1.812782,1.800243,3.566692,2.180136,4.202807,1.977955,32.269897,3301.579000,353,9.360000,0.906391,False
B0007,50,1.805415,1.790448,3.563327,2.128630,4.203277,1.977991,31.966473,3283.563000,351,9.375000,0.902708,False
B0007,51,1.797564,1.780343,3.559015,2.155901,4.202581,1.972193,31.739348,3275.125000,350,9.375000,0.898782,False
B0007,52,1.792551,1.775329,3.556695,2.067104,4.203244,1.972326,31.819343,3265.656000,349,9.375000,0.896276,False
B0007,53,1.784703,1.770263,3.555014,2.061983,4.202697,1.966838,32.157195,3266.093000,349,9.360000,0.892352,False
B0007,54,1.777087,1.760081,3.552637,2.143037,4.202581,1.960930,31.928915,3257.594000,348,9.375000,0.888543,False
B0007,55,1.768992,1.749648,3.547186,2.000000,4.201275,1.960759,31.840113,3248.593000,347,9.360000,0.884496,False
B0007,56,1.763886,1.749650,3.546815,2.033596,4.202509,1.960750,31.745369,3238.766000,346,9.360000,0.881943,False
B0007,57,1.761627,1.745029,3.544785,2.021302,4.202333,1.955107,31.988537,3240.140000,346,9.375000,0.880813,False
B0007,58,1.756495,1.739646,3.546522,2.078996,4.202491,1.955063,32.327851,3230.109000,345,9.375000,0.878247,False
B0007,59,1.748377,1.728564,3.540833,2.000000,4.202291,1.949155,32.148092,3229.781000,345,9.360000,0.874189,False
B0007,60,1.740474,1.723900,3.542993,2.140416,4.203138,1.948525,32.023648,3212.469000,343,9.375000,0.870237,False
B0007,61,1.735647,1.713979,3.536081,2.006754,4.202703,1.943125,31.831276,3213.219000,343,9.375000,0.867823,False
B0007,62,1.730483,1.713970,3.539244,2.121868,4.202907,1.943011,32.163808,3203.578000,342,9.375000,0.865242,False
B0007,63,1.725000,1.703652,3.534824,2.011965,4.201457,1.942524,32.015756,3195.125000,341,9.375000,0.862500,False
B0007,64,1.720114,1.704014,3.536648,2.074439,4.204304,1.937025,32.320296,3195.313000,341,9.375000,0.860057,False
B0007,65,1.709764,1.693572,3.535206,2.188793,4.202202,1.931035,32.200938,3186.297000,340,9.375000,0.854882,False
B0007,66,1.704233,1.687658,3.532985,2.173952,4.202001,1.930474,32.073198,3176.438000,339,9.375000,0.852117,False
B0007,67,1.699300,1.683074,3.532159,2.178385,4.202601,1.930572,32.096356,3167.593000,338,9.375000,0.849650,False
B0007,68,1.694150,1.677927,3.530838,2.191482,4.202329,1.924723,32.179182,3167.719000,338,9.375000,0.847075,False
B0007,69,1.689030,1.673206,3.529696,2.175347,4.202856,1.924600,32.204005,3159.078000,337,9.375000,0.844515,False
B0007,70,1.683829,1.667437,3.528182,2.183292,4.202213,1.924379,32.184876,3148.829000,336,9.375000,0.841914,False
B0007,71,1.675912,1.662266,3.526573,2.192864,4.202336,1.918403,32.166818,3149.094000,336,9.360000,0.837956,False
B0007,72,1.673395,1.657424,3.524502,2.156097,4.201997,1.918166,32.189695,3140.547000,335,9.375000,0.836698,False
B0007,73,1.668336,1.652539,3.522855,2.138540,4.201600,1.918099,32.187239,3131.625000,334,9.375000,0.834168,False
B0007,74,1.663220,1.647217,3.522283,2.164649,4.201962,1.917959,32.142236,3121.907000,333,9.375000,0.831610,False
B0007,75,1.657779,1.636414,3.518992,2.118721,4.202046,1.911679,32.114225,3122.125000,333,9.375000,0.828889,False
B0007,76,1.655061,1.636255,3.517784,2.137787,4.204697,1.911602,31.958479,3121.672000,333,9.360000,0.827531,False
B0007,77,1.662956,1.641119,3.521223,2.103156,4.203964,1.917649,32.450796,3120.860000,333,9.375000,0.831478,False
B0007,78,1.647357,1.631570,3.517223,2.186738,4.201985,1.911140,31.899852,3103.828000,331,9.375000,0.823679,False
B0007,79,1.642141,1.621213,3.512501,2.100775,4.201780,1.910868,31.764868,3095.094000,330,9.375000,0.821070,False
B0007,80,1.637090,1.616427,3.512961,2.141701,4.202221,1.904981,31.878633,3095.781000,330,9.375000,0.818545,False
B0007,81,1.637198,1.615824,3.512520,2.091230,4.201389,1.905112,32.310700,3094.328000,330,9.375000,0.818599,False
B0007,82,1.632075,1.616724,3.515145,2.166301,4.201621,1.904922,32.583676,3086.531000,329,9.375000,0.816037,False
B0007,83,1.626803,1.610866,3.513443,2.184364,4.201669,1.898767,32.496869,3085.625000,329,9.375000,0.813402,False
B0007,84,1.621680,1.600660,3.509709,2.113996,4.202567,1.904362,32.195803,3067.203000,327,9.375000,0.810840,False
B0007,85,1.616598,1.595917,3.504277,2.028778,4.201472,1.904217,31.964581,3058.157000,326,9.375000,0.808299,False
B0007,86,1.611548,1.596218,3.509208,2.194891,4.201333,1.898271,32.286673,3058.812000,326,9.375000,0.805774,False
B0007,87,1.611162,1.595807,3.509506,2.162112,4.201523,1.897812,32.586435,3058.578000,326,9.375000,0.805581,False
B0007,88,1.611194,1.590651,3.505203,2.009280,4.201386,1.903689,32.641130,3049.328000,325,9.375000,0.805597,False
B0007,89,1.619250,1.688821,3.528118,2.144268,4.219452,1.936999,32.418750,3177.219000,339,9.375000,0.809625,False
B0007,90,1.627346,1.625994,3.519591,2.096281,4.203918,1.923342,32.823028,3082.937000,329,9.375000,0.813673,False
B0007,91,1.637330,1.615743,3.514626,2.037656,4.202046,1.916900,32.832388,3074.266000,328,9.375000,0.818665,False
B0007,92,1.626883,1.605663,3.511549,2.050266,4.201593,1.910474,32.652604,3066.000000,327,9.375000,0.813441,False
B0007,93,1.616645,1.594975,3.510770,2.142164,4.201214,1.904277,32.489710,3056.437000,326,9.375000,0.808322,False
B0007,94,1.611458,1.590410,3.508045,2.093099,4.201661,1.904006,32.414700,3048.219000,325,9.375000,0.805729,False
B0007,95,1.606224,1.585352,3.507748,2.109504,4.201750,1.903682,32.465714,3039.218000,324,9.375000,0.803112,False
B0007,96,1.601196,1.579974,3.506667,2.129545,4.201226,1.897718,32.519086,3039.047000,324,9.375000,0.800598,False
B0007,97,1.595937,1.575219,3.506184,2.138556,4.201797,1.897342,32.561597,3030.375000,323,9.375000,0.797968,False
B0007,98,1.590728,1.569798,3.505100,2.143779,4.201200,1.897024,32.545547,3021.000000,322,9.375000,0.795364,False
B0007,99,1.585631,1.570257,3.505448,2.199197,4.201289,1.890944,32.590784,3021.750000,322,9.375000,0.792816,False
B0007,100,1.585664,1.565250,3.500074,2.025290,4.201033,1.896879,32.606004,3012.265000,321,9.375000,0.792832,False
B0007,101,1.580390,1.559634,3.501165,2.087423,4.201483,1.896478,32.594092,3002.641000,320,9.375000,0.790195,False
B0007,102,1.585604,1.564982,3.500407,2.086320,4.196166,1.896799,32.628822,3012.000000,321,9.375000,0.792802,False
B0007,103,1.595863,1.574979,3.507816,2.058825,4.205246,1.903150,33.278335,3020.110000,322,9.375000,0.797932,False
B0007,104,1.585719,1.565281,3.502524,2.007723,4.201510,1.902871,33.152191,3002.172000,320,9.375000,0.792860,False
B0007,105,1.575329,1.559755,3.505156,2.190683,4.201910,1.896330,33.009725,2992.703000,319,9.375000,0.787665,False
B0007,106,1.570482,1.549898,3.498365,2.008435,4.199866,1.908441,32.775045,2964.468000,316,9.375000,0.785241,False
B0007,107,1.564949,1.543877,3.500141,2.164636,4.200860,1.889757,32.839184,2983.375000,318,9.375000,0.782475,False
B0007,108,1.565115,1.545019,3.499095,2.064743,4.201621,1.895917,33.108861,2975.297000,317,9.375000,0.782557,False
B0007,109,1.559743,1.544594,3.501036,2.170173,4.201149,1.889409,33.251488,2974.985000,317,9.375000,0.779872,False
B0007,110,1.554431,1.534309,3.497212,2.120751,4.200811,1.888932,33.011053,2966.250000,316,9.375000,0.777215,False
B0007,111,1.549164,1.528760,3.496090,2.136272,4.200374,1.888513,32.880925,2956.359000,315,9.375000,0.774582,False
B0007,112,1.549425,1.528926,3.495877,2.093857,4.201791,1.888828,33.126464,2956.344000,315,9.375000,0.774713,False
B0007,113,1.549407,1.529092,3.493116,2.000000,4.200670,1.888811,33.386599,2956.406000,315,9.375000,0.774704,False
B0007,114,1.543970,1.523906,3.492656,2.030577,4.200218,1.888168,33.250804,2947.266000,314,9.375000,0.771985,False
B0007,115,1.538858,1.518668,3.492088,2.075880,4.200675,1.887929,33.062320,2937.984000,313,9.375000,0.769429,False
B0007,116,1.533794,1.513648,3.490216,2.079355,4.200371,1.887750,32.901375,2929.125000,312,9.375000,0.766897,False
B0007,117,1.533845,1.513605,3.490593,2.058511,4.200966,1.887812,33.149955,2928.454000,312,9.375000,0.766923,False
B0007,118,1.533741,1.513947,3.491142,2.025311,4.201493,1.887693,33.500841,2929.375000,312,9.375000,0.766870,False
B0007,119,1.541409,1.533960,3.492836,2.006958,4.192768,1.901024,33.150949,2946.031000,314,9.375000,0.770705,False
B0007,120,1.554599,1.539137,3.502516,2.197926,4.204602,1.895139,33.279122,2955.438000,315,9.375000,0.777299,False
B0007,121,1.543931,1.523625,3.492954,2.029942,4.200995,1.894161,33.017814,2937.625000,313,9.375000,0.771965,False
B0007,122,1.533601,1.513581,3.491746,2.117150,4.201036,1.887518,32.735686,2929.078000,312,9.375000,0.766800,False
B0007,123,1.528388,1.507785,3.490432,2.130990,4.200762,1.887148,32.645686,2918.375000,311,9.375000,0.764194,False
B0007,124,1.523227,1.503196,3.488861,2.129432,4.201014,1.880777,32.659471,2919.812000,311,9.375000,0.761613,False
B0007,125,1.517985,1.497822,3.489193,2.164511,4.200439,1.886441,32.616740,2900.422000,309,9.375000,0.758992,False
B0007,126,1.512843,1.492849,3.487879,2.174301,4.200265,1.880042,32.603408,2901.375000,309,9.375000,0.756422,False
B0007,127,1.507456,1.492414,3.486431,2.192898,4.200152,1.873350,32.513251,2901.187000,309,9.375000,0.753728,False
B0007,128,1.507675,1.487483,3.481257,2.029850,4.200453,1.879705,32.465559,2891.640000,308,9.375000,0.753838,False
B0007,129,1.502278,1.482535,3.482355,2.095949,4.200291,1.879077,32.468953,2882.906000,307,9.375000,0.751139,False
B0007,130,1.497323,1.482787,3.483507,2.177723,4.199878,1.872883,32.512975,2883.265000,307,9.375000,0.748662,False
B0007,131,1.497166,1.476971,3.478977,2.056251,4.200437,1.872682,32.460777,2882.969000,307,9.375000,0.748583,False
B0007,132,1.502112,1.481902,3.483501,2.151251,4.193077,1.872770,32.761794,2891.656000,308,9.375000,0.751056,False
B0007,133,1.512853,1.498137,3.489970,2.169370,4.203372,1.880053,32.965087,2901.250000,309,9.375000,0.756427,False
B0007,134,1.499959,1.482078,3.484801,2.116759,4.202065,1.873080,32.818886,2891.703000,308,9.360000,0.749979,False
B0007,135,1.497093,1.477116,3.478354,2.009424,4.200087,1.872594,32.645297,2883.016000,307,9.375000,0.748546,False
B0007,136,1.492128,1.472077,3.475695,2.003479,4.199759,1.872480,32.405446,2873.453000,306,9.375000,0.746064,False
B0007,137,1.486939,1.472248,3.481432,2.172989,4.199843,1.865969,32.758705,2874.031000,306,9.375000,0.743470,False
B0007,138,1.486823,1.467011,3.479606,2.087465,4.200352,1.865820,32.976513,2874.234000,306,9.375000,0.743411,False
B0007,139,1.481700,1.461767,3.478226,2.110564,4.200170,1.865493,32.735156,2864.984000,305,9.375000,0.740850,False
B0007,140,1.476578,1.456695,3.474323,2.072469,4.199912,1.865157,32.454922,2855.093000,304,9.375000,0.738289,False
B0007,141,1.471328,1.451355,3.473731,2.125383,4.199564,1.858527,32.339809,2855.625000,304,9.375000,0.735664,False
B0007,142,1.471641,1.451616,3.474813,2.114733,4.199951,1.858928,32.636213,2855.594000,304,9.375000,0.735820,False
B0007,143,1.466252,1.446816,3.476096,2.173845,4.199960,1.858231,32.688115,2847.437000,303,9.375000,0.733126,False
B0007,144,1.466167,1.446757,3.468682,2.000000,4.200415,1.858124,32.474645,2847.360000,303,9.375000,0.733084,False
B0007,145,1.461033,1.441380,3.466196,2.003380,4.199553,1.857744,32.240101,2837.328000,302,9.375000,0.730516,False
B0007,146,1.455949,1.436246,3.468183,2.116471,4.199707,1.851280,32.197269,2837.281000,302,9.375000,0.727974,False
B0007,147,1.456092,1.436815,3.467861,2.051877,4.199300,1.851457,32.511949,2838.515000,302,9.375000,0.728046,False
B0007,148,1.455966,1.436295,3.466250,2.003221,4.200086,1.857457,32.471984,2828.328000,301,9.375000,0.727983,False
B0007,149,1.461113,1.441858,3.462469,2.000000,4.189989,1.857849,32.161462,2838.265000,302,9.375000,0.730557,False
B0007,150,1.468419,1.467206,3.480518,2.190812,4.202671,1.865867,32.524631,2864.547000,305,9.375000,0.734209,False
B0007,151,1.471424,1.451864,3.472314,2.033261,4.199187,1.864787,32.550115,2846.390000,303,9.375000,0.735712,False
B0007,152,1.461194,1.447138,3.474362,2.191354,4.199639,1.857950,32.405777,2837.969000,302,9.375000,0.730597,False
B0007,153,1.455920,1.441791,3.472282,2.184071,4.200028,1.851245,32.357070,2838.156000,302,9.375000,0.727960,False
B0007,154,1.450826,1.431631,3.470176,2.166437,4.199347,1.850912,32.311792,2829.843000,301,9.375000,0.725413,False
B0007,155,1.450797,1.431808,3.463501,2.000000,4.199149,1.850858,32.293814,2829.625000,301,9.375000,0.725398,False
B0007,156,1.445658,1.426256,3.467453,2.131417,4.199648,1.850448,32.300514,2819.437000,300,9.375000,0.722829,False
B0007,157,1.440381,1.426088,3.467586,2.188996,4.199193,1.843699,32.280924,2819.579000,300,9.375000,0.720190,False
B0007,158,1.440423,1.421263,3.462183,2.032246,4.199054,1.849911,32.270333,2810.672000,299,9.375000,0.720212,False
B0007,159,1.435275,1.416327,3.465963,2.169513,4.199880,1.843305,32.338789,2811.485000,299,9.375000,0.717638,False
B0007,160,1.435260,1.416578,3.460173,2.000000,4.198680,1.849470,32.371661,2802.422000,298,9.375000,0.717630,False
B0007,161,1.429972,1.410840,3.464226,2.153449,4.199235,1.842652,32.437315,2801.625000,298,9.375000,0.714986,False
B0007,162,1.430027,1.410995,3.458799,2.010157,4.198951,1.842734,32.363266,2802.031000,298,9.375000,0.715014,False
B0007,163,1.424865,1.406171,3.462081,2.132719,4.199394,1.842255,32.372044,2793.390000,297,9.375000,0.712432,False
B0007,164,1.424885,1.406336,3.457878,2.011476,4.198995,1.842280,32.452028,2793.390000,297,9.375000,0.712443,False
B0007,165,1.419732,1.400455,3.461591,2.161046,4.198422,1.835618,32.502943,2792.485000,297,9.375000,0.709866,False
B0007,166,1.426830,1.421787,3.462906,2.014355,4.188887,1.856106,32.679387,2802.016000,298,9.375000,0.713415,False
B0007,167,1.433964,1.432455,3.475358,2.173212,4.205072,1.857453,32.842704,2820.390000,300,9.375000,0.716982,False
B0007,168,1.441134,1.800322,3.559191,2.055707,4.199149,1.962224,31.667135,3301.984972,3301,1.000000,0.720567,True
B0007,169,1.448340,1.862919,3.561602,2.110552,4.197482,1.957971,31.909458,3430.491092,3430,1.000000,0.724170,True
B0007,170,1.455582,1.692489,3.509212,2.047425,4.194970,1.897056,32.330533,3214.299609,3214,1.000000,0.727791,True
B0007,171,1.462859,1.660455,3.515297,2.159650,4.200683,1.919991,32.753593,3108.784533,3108,1.000000,0.731430,True
B0007,172,1.470174,1.759253,3.537926,2.111289,4.208586,1.918666,32.001702,3298.256620,3298,1.000000,0.735087,True
B0007,173,1.477525,1.596879,3.479027,2.028584,4.197505,1.834318,32.448493,3143.641881,3143,1.000000,0.738762,True
B0007,174,1.484912,1.525288,3.506911,2.099159,4.204502,1.931819,31.946842,2832.127704,2832,1.000000,0.742456,True
B0007,175,1.492337,1.664120,3.507776,2.095531,4.197379,1.884360,32.847059,3184.065444,3184,1.000000,0.746168,True
B0007,176,1.391337,1.391337,3.437171,2.120613,4.201943,1.817591,32.648024,2736.635300,2736,1.000000,0.695668,True
B0007,177,1.398294,1.537276,3.501102,2.059760,4.202320,1.908535,32.162083,2895.950509,2895,1.000000,0.699147,True
B0007,178,1.405285,1.718470,3.531040,2.079890,4.203415,1.933877,32.025284,3197.191279,3197,1.000000,0.702643,True
B0007,179,1.391337,1.391337,3.436661,2.177835,4.197598,1.849164,33.146100,2736.635300,2736,1.000000,0.695668,True
B0007,180,1.398294,1.666864,3.527161,2.157148,4.203654,1.916045,32.629742,3134.096652,3134,1.000000,0.699147,True
B0007,181,1.405285,1.575752,3.495907,2.081055,4.198526,1.880961,32.969060,3019.817340,3019,1.000000,0.702643,True
B0007,182,1.412311,1.729085,3.543390,2.000000,4.196639,1.949092,32.187636,3186.999282,3186,1.000000,0.706156,True
B0007,183,1.419373,1.691654,3.515095,2.000000,4.197686,1.907781,32.689774,3194.646746,3194,1.000000,0.709687,True
B0007,184,1.426470,1.690237,3.510755,2.000000,4.194920,1.888352,32.614380,3226.670594,3226,1.000000,0.713235,True
B0007,185,1.433602,1.678226,3.527987,2.187746,4.207445,1.931337,32.638571,3123.152577,3123,1.000000,0.716801,True
B0007,186,1.440770,1.889124,3.573105,2.030892,4.199341,1.971556,32.568600,3467.010742,3467,1.000000,0.720385,True
B0007,187,1.447974,1.545224,3.478572,2.059150,4.199965,1.875014,32.235069,2971.616984,2971,1.000000,0.723987,True
B0007,188,1.455214,1.679459,3.521169,2.048698,4.202522,1.917856,33.156815,3146.138565,3146,1.000000,0.727607,True
B0007,189,1.462490,1.842846,3.554301,2.000000,4.200887,1.949913,32.571209,3407.759394,3407,1.000000,0.731245,True
B0007,190,1.469803,1.773815,3.536916,2.138285,4.202743,1.916277,32.676032,3334.120066,3334,1.000000,0.734901,True
B0007,191,1.477152,1.949578,3.580435,2.059234,4.203553,1.987412,30.906019,3568.882843,3568,1.000000,0.738576,True
B0007,192,1.484537,1.890572,3.561836,2.000000,4.202704,1.951510,32.242315,3492.274095,3492,1.000000,0.742269,True
B0018,0,1.865783,1.855005,3.527546,2.472161,4.188196,1.954211,32.009505,3434.891000,366,9.391000,0.932891,False
B0018,1,1.854323,1.843196,3.534836,2.411438,4.186704,1.947491,32.093940,3425.485000,362,9.469000,0.927162,False
B0018,2,1.850194,1.839602,3.538247,2.394396,4.188811,1.952085,31.492631,3410.375000,358,9.531000,0.925097,False
B0018,3,1.841169,1.830674,3.537698,2.399948,4.188875,1.946124,31.013473,3404.719000,355,9.594000,0.920584,False
B0018,4,1.843267,1.832700,3.542668,2.385146,4.189909,1.941297,32.097741,3417.641000,354,9.656000,0.921634,False
B0018,5,1.841259,1.828529,3.545104,2.371677,4.190510,1.940081,32.141626,3411.766000,351,9.734000,0.920630,False
B0018,6,1.825412,1.821201,3.547514,2.496449,4.190324,1.933609,31.784860,3399.516000,348,9.766000,0.912706,False
B0018,7,1.820875,1.815170,3.544812,2.437451,4.190302,1.933298,31.419901,3388.750000,345,9.828000,0.910437,False
B0018,8,1.815798,1.804298,3.543478,2.415221,4.188518,1.932628,31.250362,3380.406000,342,9.890000,0.907899,False
B0018,9,1.824877,1.823100,3.543133,2.377432,4.191794,1.938791,31.278227,3404.141000,343,9.937000,0.912438,False
B0018,10,1.824631,1.812125,3.545155,2.388749,4.190699,1.931966,31.643919,3396.141000,340,10.000000,0.912316,False
B0018,11,1.810536,1.804692,3.545032,2.432290,4.190263,1.925061,31.432008,3384.094000,337,10.047000,0.905268,False
B0018,12,1.796243,1.790844,3.544089,2.497496,4.189705,1.918053,31.021594,3370.656000,334,10.094000,0.898121,False
B0018,13,1.787820,1.783471,3.541317,2.478769,4.188354,1.917427,30.673348,3357.797000,331,10.141000,0.893910,False
B0018,14,1.791322,1.780939,3.541198,2.385849,4.193543,1.918118,30.950426,3363.015000,330,10.188000,0.895661,False
B0018,15,1.784282,1.771209,3.541255,2.372854,4.190238,1.910662,31.576471,3357.734000,327,10.281000,0.892141,False
B0018,16,1.775023,1.768630,3.542748,2.408691,4.190757,1.909474,31.628672,3344.187000,325,10.297000,0.887511,False
B0018,17,1.759736,1.753630,3.541251,2.496332,4.189715,1.896192,31.234912,3339.969000,323,10.343500,0.879868,False
B0018,18,1.752820,1.746220,3.535026,2.419990,4.187636,1.894991,30.708981,3327.641000,320,10.406000,0.876410,False
B0018,19,1.749294,1.737665,3.532663,2.358732,4.191005,1.900307,30.367410,3312.844000,317,10.454000,0.874647,False
B0018,20,1.737230,1.731517,3.533311,2.445810,4.190697,1.893753,30.213633,3302.031000,315,10.484000,0.868615,False
B0018,21,1.718938,1.708595,3.527387,2.380854,4.185878,1.874059,30.361329,3305.547000,314,10.516000,0.859469,False
B0018,22,1.717312,1.711470,3.529603,2.436956,4.188109,1.879268,30.321322,3289.562000,311,10.578000,0.858656,False
B0018,23,1.712801,1.707502,3.528971,2.467137,4.188302,1.878118,30.238268,3283.797000,309,10.625000,0.856400,False
B0018,24,1.721365,1.749238,3.532274,2.412937,4.189625,1.899426,30.326274,3325.235000,312,10.671000,0.860682,False
B0018,25,1.729972,1.732770,3.532438,2.349777,4.190151,1.892744,31.064410,3317.547000,310,10.703000,0.864986,False
B0018,26,1.727661,1.722231,3.536321,2.490470,4.189151,1.878466,31.520347,3311.766000,308,10.750000,0.863831,False
B0018,27,1.719572,1.711846,3.533535,2.465091,4.189631,1.870927,31.482408,3305.218000,306,10.813000,0.859786,False
B0018,28,1.712074,1.699268,3.527013,2.363133,4.187690,1.869834,31.264827,3295.453000,304,10.843000,0.856037,False
B0018,29,1.699085,1.694037,3.529257,2.479062,4.190215,1.862441,31.092616,3287.000000,302,10.875000,0.849542,False
B0018,30,1.688237,1.681903,3.527821,2.491906,4.189776,1.854868,31.172120,3276.922000,300,10.922000,0.844119,False
B0018,31,1.683368,1.676977,3.525693,2.433718,4.189846,1.853955,31.472682,3268.687000,298,10.969000,0.841684,False
B0018,32,1.674135,1.665523,3.524396,2.442451,4.188110,1.845813,31.665990,3260.594000,296,11.031000,0.837067,False
B0018,33,1.664154,1.657192,3.520798,2.438342,4.186369,1.838365,31.416608,3258.812000,295,11.047000,0.832077,False
B0018,34,1.661214,1.648224,3.519457,2.415725,4.190166,1.843617,31.179168,3243.422000,292,11.109000,0.830607,False
B0018,35,1.653545,1.638770,3.513166,2.323396,4.189966,1.837162,31.036644,3236.515000,281,11.531000,0.826773,False
B0018,36,1.635630,1.627649,3.517217,2.498504,4.188260,1.821284,31.072862,3230.734000,289,11.187000,0.817815,False
B0018,37,1.634216,1.622154,3.512009,2.350237,4.189740,1.827165,31.374517,3222.093000,287,11.219000,0.817108,False
B0018,38,1.625883,1.614007,3.509111,2.333774,4.186236,1.819173,31.496573,3220.344000,286,11.250000,0.812941,False
B0018,39,1.634012,1.676052,3.516107,2.317647,4.189625,1.869484,30.803017,3250.750000,288,11.297000,0.817006,False
B0018,40,1.642182,1.649301,3.519010,2.492395,4.186586,1.839884,31.064554,3239.344000,286,11.328000,0.821091,False
B0018,41,1.644725,1.632383,3.512421,2.372828,4.189366,1.838116,30.851571,3222.250000,283,11.382500,0.822362,False
B0018,42,1.629057,1.616416,3.508152,2.356070,4.188554,1.829788,30.676818,3206.157000,281,11.406000,0.814528,False
B0018,43,1.618787,1.610903,3.508649,2.464443,4.188765,1.821227,30.494051,3197.969000,279,11.469000,0.809394,False
B0018,44,1.608383,1.595464,3.505199,2.419517,4.188637,1.820051,30.465289,3181.625000,277,11.485000,0.804192,False
B0018,45,1.616425,1.726707,3.523165,2.342241,4.188466,1.895265,30.501321,3302.360000,301,10.969000,0.808213,False
B0018,46,1.624507,1.716567,3.527270,2.375547,4.189571,1.886854,30.643013,3285.812000,298,11.032000,0.812254,False
B0018,47,1.632630,1.695824,3.526763,2.414629,4.189585,1.878875,30.576599,3260.016000,295,11.047000,0.816315,False
B0018,48,1.640793,1.677778,3.523020,2.384465,4.189371,1.870604,30.539856,3240.031000,292,11.109000,0.820397,False
B0018,49,1.648997,1.660659,3.519792,2.398646,4.187606,1.856343,30.462762,3232.265000,290,11.156000,0.824498,False
B0018,50,1.657242,1.666411,3.525101,2.455713,4.188829,1.862586,31.180324,3232.031000,289,11.187000,0.828621,False
B0018,51,1.658528,1.646834,3.518519,2.323666,4.189202,1.860828,31.125344,3209.515000,286,11.219000,0.829264,False
B0018,52,1.631819,1.625764,3.519080,2.488054,4.186779,1.838672,30.935370,3196.125000,284,11.250000,0.815910,False
B0018,53,1.628191,1.612158,3.511417,2.330694,4.187889,1.843950,30.783185,3172.562000,281,11.312500,0.814096,False
B0018,54,1.622381,1.605737,3.510804,2.389400,4.189158,1.836361,30.758163,3172.735000,280,11.359000,0.811191,False
B0018,55,1.630493,1.673645,3.514326,2.486420,4.191290,1.864798,30.817042,3238.109000,279,11.719000,0.815247,False
B0018,56,1.644162,1.640435,3.519666,2.467363,4.190628,1.857384,31.005195,3191.063000,279,11.422000,0.822081,False
B0018,57,1.629721,1.613265,3.512404,2.375173,4.189158,1.848457,30.991133,3165.828000,276,11.500000,0.814861,False
B0018,58,1.610438,1.592096,3.507786,2.371626,4.185868,1.839305,30.927411,3140.407000,273,11.546000,0.805219,False
B0018,59,1.597604,1.586601,3.507660,2.463956,4.186907,1.830507,30.848143,3131.922000,271,11.594000,0.798802,False
B0018,60,1.591232,1.580077,3.507483,2.475545,4.189576,1.829341,30.793271,3121.109000,269,11.641000,0.795616,False
B0018,61,1.584434,1.564173,3.502387,2.379156,4.189809,1.827951,30.955176,3105.265000,267,11.687000,0.792217,False
B0018,62,1.571101,1.555618,3.503693,2.477616,4.188889,1.818927,30.959267,3091.250000,265,11.734000,0.785551,False
B0018,63,1.559984,1.540205,3.498995,2.420555,4.188221,1.817321,30.999131,3076.703000,263,11.750000,0.779992,False
B0018,64,1.552977,1.532161,3.495406,2.415388,4.186454,1.815904,30.892762,3062.328000,261,11.796000,0.776488,False
B0018,65,1.552633,1.531623,3.494528,2.397421,4.189567,1.822186,30.782424,3050.563000,259,11.843500,0.776317,False
B0018,66,1.537061,1.522260,3.496255,2.497753,4.189298,1.813123,30.712075,3034.672000,257,11.875000,0.768531,False
B0018,67,1.527853,1.506527,3.487696,2.372609,4.186793,1.804593,30.769161,3031.250000,256,11.906000,0.763926,False
B0018,68,1.522458,1.501422,3.486548,2.368443,4.188595,1.810119,30.762109,3011.343000,253,11.968000,0.761229,False
B0018,69,1.517672,1.496353,3.482298,2.331969,4.186295,1.809169,30.761843,3003.000000,252,11.984000,0.758836,False
B0018,70,1.525260,1.533426,3.491819,2.405776,4.187384,1.827727,30.839062,3045.187000,255,12.000000,0.762630,False
B0018,71,1.537248,1.523845,3.493996,2.472084,4.188929,1.818136,31.223430,3028.469000,253,12.031000,0.768624,False
B0018,72,1.523138,1.501192,3.484377,2.342731,4.185270,1.808732,31.273389,3012.937000,251,12.078000,0.761569,False
B0018,73,1.513334,1.492418,3.485912,2.419865,4.187998,1.806884,31.185407,2998.875000,249,12.109000,0.756667,False
B0018,74,1.503681,1.483324,3.484279,2.438880,4.187899,1.805130,31.007221,2983.547000,247,12.141000,0.751841,False
B0018,75,1.500959,1.480738,3.482989,2.430466,4.188292,1.811947,30.947270,2966.860000,245,12.172000,0.750479,False
B0018,76,1.486439,1.473508,3.483800,2.490727,4.187410,1.802296,31.094536,2954.797000,243,12.218500,0.743220,False
B0018,77,1.488180,1.468019,3.478754,2.367833,4.188657,1.809429,31.300921,2945.735000,242,12.235000,0.744090,False
B0018,78,1.479996,1.458092,3.475219,2.353270,4.188199,1.800171,31.187237,2941.375000,241,12.281000,0.739998,False
B0018,79,1.469874,1.447866,3.470740,2.362898,4.184528,1.798278,31.036126,2923.953000,239,12.312000,0.734937,False
B0018,80,1.473756,1.452781,3.474601,2.420200,4.192768,1.805908,30.777629,2921.031000,238,12.344000,0.736878,False
B0018,81,1.457036,1.442536,3.474052,2.472606,4.187874,1.796042,30.940652,2902.750000,236,12.375000,0.728518,False
B0018,82,1.453760,1.439271,3.475076,2.483165,4.188056,1.795136,31.207733,2897.875000,235,12.406000,0.726880,False
B0018,83,1.450413,1.428648,3.472424,2.434199,4.188063,1.794174,31.373392,2892.094000,234,12.437000,0.725207,False
B0018,84,1.439959,1.424903,3.471751,2.497859,4.185913,1.784302,31.270612,2886.921000,233,12.469000,0.719979,False
B0018,85,1.447158,1.469812,3.474541,2.374741,4.187260,1.813788,31.122107,2942.531000,237,12.485000,0.723579,False
B0018,86,1.454394,1.452582,3.471720,2.358934,4.187671,1.811073,31.222249,2912.469000,234,12.516000,0.727197,False
B0018,87,1.456129,1.442834,3.471398,2.441327,4.187836,1.800844,30.993873,2895.594000,232,12.547000,0.728065,False
B0018,88,1.449139,1.428376,3.462649,2.311420,4.187195,1.798745,30.906044,2884.406000,230,12.610000,0.724569,False
B0018,89,1.428236,1.415455,3.466073,2.495316,4.183340,1.780544,30.700324,2873.766000,229,12.610000,0.714118,False
B0018,90,1.435377,1.454577,3.473067,2.439848,4.192210,1.816779,31.197590,2893.375000,230,12.656000,0.717689,False
B0018,91,1.449507,1.428318,3.466855,2.376538,4.186622,1.798220,31.383702,2884.984000,229,12.672000,0.724753,False
B0018,92,1.440848,1.419703,3.465274,2.372230,4.186946,1.796575,31.488441,2870.234000,227,12.719000,0.720424,False
B0018,93,1.437124,1.415561,3.463888,2.361476,4.187440,1.795476,31.497640,2864.110000,226,12.750000,0.718562,False
B0018,94,1.426589,1.405680,3.457808,2.317938,4.184598,1.793869,31.363427,2846.640000,224,12.781000,0.713294,False
B0018,95,1.430674,1.408446,3.459814,2.337286,4.186742,1.801500,31.347228,2839.532000,223,12.820500,0.715337,False
B0018,96,1.418936,1.396855,3.458028,2.352881,4.187152,1.791623,31.397266,2832.703000,222,12.843000,0.709468,False
B0018,97,1.408353,1.393567,3.461400,2.464612,4.187096,1.781872,31.447549,2827.078000,221,12.875000,0.704176,False
B0018,98,1.402449,1.389364,3.461129,2.468466,4.187367,1.779822,31.562025,2821.531000,219,12.953000,0.701225,False
B0018,99,1.399549,1.378565,3.455557,2.409292,4.185346,1.785785,31.516766,2805.156000,216,13.062000,0.699775,False
B0018,100,1.398428,1.384901,3.459598,2.477625,4.186647,1.778470,31.451451,2814.906000,218,12.985000,0.699214,False
B0018,101,1.391618,1.370325,3.450657,2.335609,4.184731,1.777963,31.493103,2801.156000,217,12.985000,0.695809,False
B0018,102,1.387419,1.373346,3.455515,2.441999,4.187176,1.776572,31.598908,2794.187000,216,13.016000,0.693709,False
B0018,103,1.381723,1.367949,3.455840,2.465169,4.186108,1.775451,31.656910,2785.391000,215,13.031000,0.690862,False
B0018,104,1.377843,1.356714,3.448678,2.370892,4.183460,1.774391,31.676286,2779.500000,214,13.063000,0.688921,False
B0018,105,1.384732,1.460431,3.474503,2.461880,4.187092,1.819795,30.387141,2899.234000,223,13.086000,0.692366,False
B0018,106,1.391656,1.450100,3.474032,2.424707,4.187369,1.809927,30.992952,2894.922000,222,13.125000,0.695828,False
B0018,107,1.398614,1.438141,3.474404,2.444722,4.187598,1.799472,31.406301,2888.250000,221,13.148500,0.699307,False
B0018,108,1.405607,1.428368,3.471767,2.443569,4.187609,1.796031,31.243349,2873.906000,208,13.922000,0.702804,False
B0018,109,1.412635,1.414787,3.468531,2.466600,4.186194,1.795807,31.052808,2847.406000,217,13.203000,0.706318,False
B0018,110,1.419698,1.413889,3.465121,2.427251,4.186991,1.793096,30.875034,2849.281000,205,13.985000,0.709849,False
B0018,111,1.412114,1.398933,3.465288,2.476263,4.185443,1.784522,31.080917,2833.688000,215,13.250000,0.706057,False
B0018,112,1.416034,1.395332,3.461800,2.360799,4.186308,1.793635,31.464641,2826.453000,214,13.281000,0.708017,False
B0018,113,1.411557,1.390046,3.463260,2.377012,4.187179,1.792171,31.945829,2818.312000,213,13.312000,0.705779,False
B0018,114,1.401258,1.386027,3.462839,2.456756,4.185446,1.781063,31.765885,2812.719000,212,13.360000,0.700629,False
B0018,115,1.410344,1.388215,3.456915,2.327731,4.193052,1.799091,31.281685,2803.500000,211,13.375000,0.705172,False
B0018,116,1.389581,1.376183,3.457469,2.453791,4.186242,1.787429,31.136440,2783.250000,209,13.391000,0.694790,False
B0018,117,1.385327,1.364717,3.450219,2.347561,4.186011,1.786391,30.972871,2776.391000,208,13.422000,0.692664,False
B0018,118,1.380830,1.358985,3.448673,2.355835,4.186756,1.785068,30.884967,2766.516000,207,13.453000,0.690415,False
B0018,119,1.368476,1.346231,3.444633,2.379110,4.183155,1.778541,30.737983,2751.516000,201,13.781000,0.684238,False
B0018,120,1.375318,1.426843,3.467273,2.444741,4.191990,1.809858,30.467182,2848.859000,212,13.531000,0.687659,False
B0018,121,1.382195,1.406448,3.464490,2.431868,4.185629,1.789757,30.943579,2840.016000,211,13.547000,0.691097,False
B0018,122,1.389106,1.393491,3.459667,2.344037,4.186834,1.797124,31.093147,2817.375000,209,13.563000,0.694553,False
B0018,123,1.401456,1.388249,3.462242,2.456437,4.186613,1.786293,31.041862,2809.234000,208,13.579000,0.700728,False
B0018,124,1.391153,1.370188,3.455566,2.395548,4.183907,1.784332,30.984024,2791.187000,206,13.625000,0.695577,False
B0018,125,1.394583,1.379695,3.458696,2.453675,4.185339,1.784674,30.959789,2794.016000,206,13.656000,0.697292,False
B0018,126,1.390354,1.368659,3.452528,2.306273,4.185280,1.792648,31.268636,2774.719000,204,13.687000,0.695177,False
B0018,127,1.382841,1.362737,3.455229,2.347109,4.186282,1.782820,31.826545,2777.844000,204,13.688000,0.691420,False
B0018,128,1.378117,1.363405,3.461974,2.488429,4.185356,1.772716,32.050721,2781.125000,204,13.719000,0.689059,False
B0018,129,1.365628,1.351865,3.452222,2.399218,4.181407,1.770045,31.791340,2760.906000,202,13.750000,0.682814,False
B0018,130,1.376236,1.354797,3.447650,2.278634,4.185252,1.788630,31.500081,2753.250000,201,13.781000,0.688118,False
B0018,131,1.362730,1.341051,3.447929,2.365585,4.185763,1.777866,31.283243,2742.843000,200,13.797000,0.681365,False
B0018,132,1.369544,1.457322,3.470156,2.548474,4.190135,1.818732,31.607900,2855.887365,2855,1.000000,0.684772,True
B0018,133,1.376392,1.658054,3.516063,2.368751,4.188218,1.866295,30.462521,3190.017940,3190,1.000000,0.688196,True
B0018,134,1.383274,1.711278,3.531263,2.505213,4.188283,1.849520,30.628878,3330.095792,3330,1.000000,0.691637,True
B0018,135,1.390190,1.486713,3.477919,2.364570,4.187670,1.802196,31.071654,2959.880528,2959,1.000000,0.695095,True
B0018,136,1.397141,1.529588,3.496200,2.394398,4.187407,1.794407,30.448381,3066.447091,3066,1.000000,0.698571,True
B0018,137,1.404127,1.523576,3.481682,2.280648,4.186769,1.817985,31.020806,3004.627597,3004,1.000000,0.702063,True
B0018,138,1.335476,1.335476,3.451254,2.444768,4.187109,1.746789,30.919309,2739.334365,2739,1.000000,0.667738,True
B0018,139,1.342153,1.591018,3.492855,2.354652,4.188037,1.852858,30.891453,3068.644042,3068,1.000000,0.671077,True
B0018,140,1.348864,1.386248,3.462572,2.416381,4.185572,1.784049,31.803249,2780.367428,2780,1.000000,0.674432,True
B0018,141,1.355608,1.381618,3.454157,2.370653,4.186601,1.767728,31.029850,2801.449237,2801,1.000000,0.677804,True
B0018,142,1.362386,1.719133,3.537795,2.458901,4.187749,1.874929,31.179445,3303.940594,3303,1.000000,0.681193,True
B0018,143,1.369198,1.554073,3.491111,2.453945,4.187254,1.830546,30.830450,3041.028082,3041,1.000000,0.684599,True
B0018,144,1.376044,1.430604,3.466882,2.356801,4.184665,1.797440,31.456612,2855.049020,2855,1.000000,0.688022,True
B0018,145,1.382924,1.802346,3.538354,2.291597,4.192979,1.893304,30.971943,3435.316571,3435,1.000000,0.691462,True
B0018,146,1.389839,1.659711,3.519909,2.416239,4.189053,1.847352,31.069489,3226.226560,3226,1.000000,0.694920,True
B0018,147,1.396788,1.792879,3.533356,2.359330,4.189564,1.907369,31.220735,3387.441265,3387,1.000000,0.698394,True
B0018,148,1.403772,1.891696,3.554217,2.328998,4.189435,1.947142,31.183198,3503.588820,3503,1.000000,0.701886,True
B0018,149,1.410791,1.534884,3.491207,2.448513,4.187467,1.817788,31.062702,3014.320940,3014,1.000000,0.705396,True
B0018,150,1.417845,1.615946,3.506210,2.374114,4.186192,1.841193,31.554005,3157.499622,3157,1.000000,0.708922,True
